ReportID,JobID,DeviceID,StartTime,EndTime,ProductID,CycleTime,QuantityProduced,QuantityScrap,InteruptMinutes
291173,13965,168,2023-06-01 01:57:01.000,2023-06-01 03:52:07.000,332,0.380000,253.000000,0.000000,4.250000
291201,13965,168,2023-06-01 03:52:07.000,2023-06-01 05:48:39.000,332,0.380000,261.000000,2.000000,0.000000
291255,14022,168,2023-06-06 06:00:00.000,2023-06-06 09:59:46.000,332,0.380000,520.000000,0.000000,14.150000
291314,14022,168,2023-06-06 09:59:46.000,2023-06-06 13:54:19.000,332,0.380000,490.000000,7.000000,9.933333
291323,14022,168,2023-06-06 14:00:00.000,2023-06-06 15:56:31.000,332,0.380000,245.000000,1.000000,4.983333
291339,14022,168,2023-06-06 15:56:31.000,2023-06-06 17:51:31.000,332,0.380000,247.000000,1.000000,2.000000
291356,14022,168,2023-06-06 17:51:31.000,2023-06-06 19:52:12.000,332,0.380000,256.000000,4.000000,2.133333
291378,14022,168,2023-06-06 19:52:12.000,2023-06-06 21:52:38.000,332,0.380000,261.000000,0.000000,2.000000
291396,14022,168,2023-06-06 22:00:00.000,2023-06-07 00:00:26.000,332,0.380000,244.000000,0.000000,7.116667
291410,14022,168,2023-06-07 00:00:26.000,2023-06-07 00:59:20.000,332,0.380000,125.000000,3.000000,0.000000
291436,14022,168,2023-06-07 00:59:20.000,2023-06-07 03:00:13.000,332,0.380000,268.000000,0.000000,0.000000
291460,14022,168,2023-06-07 03:00:13.000,2023-06-07 05:00:07.000,332,0.380000,265.000000,0.000000,0.000000
291480,14022,168,2023-06-07 05:00:07.000,2023-06-07 05:52:38.000,332,0.380000,117.000000,0.000000,0.000000
291485,14022,168,2023-06-07 06:00:00.000,2023-06-07 06:15:07.000,332,0.380000,15.000000,0.000000,0.000000
291548,14022,168,2023-06-07 06:15:07.000,2023-06-07 12:31:22.000,332,0.380000,0.000000,0.000000,376.246332
291550,14033,168,2023-06-07 12:31:22.000,2023-06-07 12:51:10.000,507,0.380000,0.000000,0.000000,19.800000
291559,14033,168,2023-06-07 12:51:10.000,2023-06-07 13:12:10.000,507,0.380000,0.000000,0.000000,20.996349
291572,14033,168,2023-06-07 13:12:10.000,2023-06-07 13:47:22.000,507,0.380000,86.000000,0.000000,1.166667
291599,14033,168,2023-06-07 14:00:00.000,2023-06-07 17:51:15.000,507,0.380000,327.000000,10.000000,9.183333
291625,14033,168,2023-06-07 17:51:15.000,2023-06-07 20:21:30.000,507,0.380000,378.000000,3.000000,2.000000
291626,14033,168,2023-06-07 20:21:30.000,2023-06-07 20:25:08.000,507,0.380000,0.000000,0.000000,3.630006
291627,14033,168,2023-06-07 20:25:08.000,2023-06-07 20:42:32.000,507,0.380000,25.000000,0.000000,7.333333
291628,14033,168,2023-06-07 20:42:32.000,2023-06-07 20:51:46.000,507,0.380000,0.000000,0.000000,9.228862
291681,14033,168,2023-06-07 22:00:00.000,2023-06-08 01:01:02.000,507,0.380000,123.000000,5.000000,0.000000
291705,14033,168,2023-06-08 01:01:02.000,2023-06-08 03:00:43.000,507,0.380000,147.000000,0.000000,0.000000
291729,14033,168,2023-06-08 03:00:43.000,2023-06-08 04:01:06.000,507,0.380000,147.000000,0.000000,0.000000
291736,14033,168,2023-06-08 04:01:06.000,2023-06-08 04:59:57.000,507,0.380000,146.000000,0.000000,0.000000
291756,14033,168,2023-06-08 04:59:57.000,2023-06-08 05:54:33.000,507,0.380000,132.000000,0.000000,2.100000
291776,14033,168,2023-06-08 06:00:00.000,2023-06-08 07:18:25.000,507,0.380000,170.000000,0.000000,0.000000
291896,14033,168,2023-06-08 14:00:00.000,2023-06-08 17:52:07.000,507,0.380000,119.000000,7.000000,0.000000
291931,14033,168,2023-06-08 17:52:07.000,2023-06-08 21:49:07.000,507,0.380000,447.000000,0.000000,4.066667
292232,14033,168,2023-06-09 14:00:00.000,2023-06-09 21:52:38.000,507,0.380000,185.000000,0.000000,3.016667
292239,14033,168,2023-06-09 22:00:00.000,2023-06-09 23:00:09.000,507,0.380000,110.000000,7.000000,12.616667
292246,14033,168,2023-06-09 23:00:09.000,2023-06-09 23:19:59.000,507,0.380000,34.000000,0.000000,4.200000
292269,14033,168,2023-06-09 23:19:59.000,2023-06-10 01:04:12.000,507,0.380000,126.000000,3.000000,0.000000
292289,14033,168,2023-06-10 01:04:12.000,2023-06-10 02:59:13.000,507,0.380000,116.000000,0.000000,2.800000
292307,14033,168,2023-06-10 02:59:13.000,2023-06-10 04:00:17.000,507,0.380000,151.000000,0.000000,0.000000
292314,14033,168,2023-06-10 04:00:17.000,2023-06-10 04:17:00.000,507,0.380000,41.000000,2.000000,0.000000
292336,14059,168,2023-06-10 04:17:00.000,2023-06-10 05:51:55.000,212,0.360000,35.000000,0.000000,78.300000
292367,14059,168,2023-06-10 06:00:00.000,2023-06-10 08:01:09.000,212,0.360000,266.000000,0.000000,9.966667
292381,14059,168,2023-06-10 08:01:09.000,2023-06-10 09:53:14.000,212,0.360000,259.000000,3.000000,2.566667
292402,14059,168,2023-06-10 09:53:14.000,2023-06-10 11:08:56.000,212,0.360000,177.000000,0.000000,3.616667
292404,14059,168,2023-06-10 11:08:56.000,2023-06-10 11:51:25.000,212,0.360000,0.000000,0.000000,42.468458
292439,14059,168,2023-06-10 14:00:00.000,2023-06-10 14:58:48.000,212,0.360000,134.000000,1.000000,1.783333
292450,14059,168,2023-06-10 14:58:48.000,2023-06-10 17:00:36.000,212,0.360000,280.000000,0.000000,2.366667
292469,14059,168,2023-06-10 17:00:36.000,2023-06-10 20:58:41.000,212,0.360000,541.000000,1.000000,9.816667
292477,14059,168,2023-06-10 20:58:41.000,2023-06-10 21:50:52.000,212,0.360000,118.000000,2.000000,2.600000
292519,14067,168,2023-06-12 06:00:00.000,2023-06-12 09:54:00.000,212,0.360000,484.000000,0.000000,25.233333
292554,14067,168,2023-06-12 09:54:00.000,2023-06-12 13:51:20.000,212,0.360000,536.000000,0.000000,8.383333
292571,14067,168,2023-06-12 14:00:00.000,2023-06-12 14:59:14.000,212,0.360000,108.000000,1.000000,0.000000
292804,14087,168,2023-06-13 06:00:00.000,2023-06-13 09:56:49.000,370,0.350000,96.000000,0.000000,197.200000
292828,14087,168,2023-06-13 09:56:49.000,2023-06-13 11:56:27.000,370,0.350000,193.000000,55.000000,4.050000
292838,14087,168,2023-06-13 11:56:27.000,2023-06-13 12:57:02.000,370,0.350000,75.000000,61.000000,0.000000
292851,14087,168,2023-06-13 12:57:02.000,2023-06-13 13:52:21.000,370,0.350000,124.000000,4.000000,2.000000
292874,14087,168,2023-06-13 14:00:00.000,2023-06-13 15:58:05.000,370,0.350000,218.000000,13.000000,15.416667
292888,14087,168,2023-06-13 15:58:05.000,2023-06-13 16:59:08.000,370,0.350000,136.000000,1.000000,0.000000
292898,14087,168,2023-06-13 16:59:08.000,2023-06-13 17:58:56.000,370,0.350000,125.000000,2.000000,0.000000
292913,14087,168,2023-06-13 17:58:56.000,2023-06-13 18:58:17.000,370,0.350000,130.000000,0.000000,0.000000
292926,14087,168,2023-06-13 18:58:17.000,2023-06-13 19:58:20.000,370,0.350000,136.000000,0.000000,0.000000
292944,14087,168,2023-06-13 19:58:20.000,2023-06-13 21:00:07.000,370,0.350000,132.000000,2.000000,0.000000
292966,14087,168,2023-06-13 21:00:07.000,2023-06-13 21:52:38.000,370,0.350000,120.000000,0.000000,0.000000
293024,14087,168,2023-06-13 22:00:00.000,2023-06-14 02:01:25.000,370,0.350000,542.000000,6.000000,7.633333
293075,14087,168,2023-06-14 02:01:25.000,2023-06-14 05:55:09.000,370,0.350000,492.000000,4.000000,14.950000
293102,14087,168,2023-06-14 06:00:00.000,2023-06-14 09:55:39.000,370,0.350000,447.000000,44.000000,13.216667
293116,14087,168,2023-06-14 09:55:39.000,2023-06-14 10:55:02.000,370,0.350000,93.000000,0.000000,0.000000
293151,14087,168,2023-06-14 10:55:02.000,2023-06-14 13:51:16.000,370,0.350000,385.000000,3.000000,6.500000
293181,14087,168,2023-06-14 14:00:00.000,2023-06-14 15:59:08.000,370,0.350000,198.000000,11.000000,19.733333
293194,14087,168,2023-06-14 15:59:08.000,2023-06-14 17:00:15.000,370,0.350000,116.000000,0.000000,0.000000
293209,14087,168,2023-06-14 17:00:15.000,2023-06-14 18:01:25.000,370,0.350000,128.000000,0.000000,0.000000
293224,14087,168,2023-06-14 18:01:25.000,2023-06-14 19:03:39.000,370,0.350000,119.000000,2.000000,4.050000
293244,14087,168,2023-06-14 19:03:39.000,2023-06-14 20:58:43.000,370,0.350000,236.000000,1.000000,2.650000
293266,14087,168,2023-06-14 20:58:43.000,2023-06-14 21:52:30.000,370,0.350000,113.000000,0.000000,0.000000
293317,14087,168,2023-06-14 22:00:00.000,2023-06-15 01:59:07.000,370,0.350000,466.000000,2.000000,32.750000
293374,14087,168,2023-06-15 01:59:07.000,2023-06-15 05:51:51.000,370,0.350000,520.000000,3.000000,3.983333
293408,14087,168,2023-06-15 06:00:00.000,2023-06-15 09:52:27.000,370,0.350000,484.000000,3.000000,18.350000
293459,14087,168,2023-06-15 09:52:27.000,2023-06-15 13:52:46.000,370,0.350000,503.000000,5.000000,6.100000
293523,14087,168,2023-06-15 14:00:00.000,2023-06-15 18:02:30.000,370,0.350000,459.000000,14.000000,18.683333
293533,14087,168,2023-06-15 18:02:30.000,2023-06-15 19:00:31.000,370,0.350000,116.000000,11.000000,0.000000
293545,14087,168,2023-06-15 19:00:31.000,2023-06-15 20:01:11.000,370,0.350000,115.000000,0.000000,0.000000
293584,14087,168,2023-06-15 20:01:11.000,2023-06-15 21:54:26.000,370,0.350000,243.000000,0.000000,4.816667
293633,14087,168,2023-06-15 22:00:00.000,2023-06-16 01:59:32.000,370,0.350000,461.000000,0.000000,25.683333
293686,14087,168,2023-06-16 01:59:32.000,2023-06-16 05:52:14.000,370,0.350000,464.000000,5.000000,7.700000
293714,14087,168,2023-06-16 06:00:00.000,2023-06-16 09:56:43.000,370,0.350000,494.000000,0.000000,14.950000
293755,14087,168,2023-06-16 09:56:43.000,2023-06-16 13:52:11.000,370,0.350000,517.000000,0.000000,6.000000
293772,14087,168,2023-06-16 14:00:00.000,2023-06-16 14:58:41.000,370,0.350000,132.000000,1.000000,8.316667
293785,14087,168,2023-06-16 14:58:41.000,2023-06-16 15:59:05.000,370,0.350000,116.000000,2.000000,4.200000
293802,14087,168,2023-06-16 15:59:05.000,2023-06-16 16:59:25.000,370,0.350000,135.000000,0.000000,0.000000
293814,14087,168,2023-06-16 16:59:25.000,2023-06-16 17:59:53.000,370,0.350000,127.000000,1.000000,0.000000
293831,14087,168,2023-06-16 17:59:53.000,2023-06-16 18:59:10.000,370,0.350000,141.000000,0.000000,0.000000
293840,14087,168,2023-06-16 18:59:10.000,2023-06-16 19:57:37.000,370,0.350000,123.000000,0.000000,8.483333
293861,14087,168,2023-06-16 19:57:37.000,2023-06-16 21:04:57.000,370,0.350000,144.000000,0.000000,6.816667
293871,14087,168,2023-06-16 21:04:57.000,2023-06-16 21:50:39.000,370,0.350000,103.000000,0.000000,3.316667
293965,14087,168,2023-06-16 22:00:00.000,2023-06-17 05:48:41.000,370,0.350000,538.000000,4.000000,0.000000
293992,14087,168,2023-06-17 06:00:00.000,2023-06-17 09:55:48.000,370,0.350000,579.000000,0.000000,6.133333
294118,14122,168,2023-06-19 06:00:00.000,2023-06-19 08:58:20.000,332,0.380000,78.000000,0.000000,66.616667
294138,14122,168,2023-06-19 08:58:20.000,2023-06-19 10:01:01.000,332,0.380000,123.000000,0.000000,7.216667
294143,14122,168,2023-06-19 10:01:01.000,2023-06-19 10:58:32.000,332,0.380000,133.000000,0.000000,0.000000
294155,14122,168,2023-06-19 10:58:32.000,2023-06-19 11:58:58.000,332,0.380000,132.000000,0.000000,0.000000
294173,14122,168,2023-06-19 11:58:58.000,2023-06-19 12:59:42.000,332,0.380000,134.000000,0.000000,0.000000
294183,14122,168,2023-06-19 12:59:42.000,2023-06-19 13:31:08.000,332,0.380000,51.000000,10.000000,0.000000
294215,14122,168,2023-06-19 13:31:08.000,2023-06-19 14:00:00.000,332,0.380000,0.000000,0.000000,28.866667
294214,14122,168,2023-06-19 14:00:00.000,2023-06-19 15:24:33.000,332,0.380000,0.000000,0.000000,84.543614
294235,14122,168,2023-06-19 15:24:33.000,2023-06-19 17:55:31.000,332,0.380000,317.000000,3.000000,3.000000
294285,14122,168,2023-06-19 17:55:31.000,2023-06-19 21:53:49.000,332,0.380000,493.000000,1.000000,6.483333
294298,14122,168,2023-06-19 22:00:00.000,2023-06-19 23:55:02.000,332,0.380000,244.000000,1.000000,16.916667
294317,14122,168,2023-06-19 23:55:02.000,2023-06-20 01:56:20.000,332,0.380000,258.000000,0.000000,4.016667
294335,14122,168,2023-06-20 01:56:20.000,2023-06-20 03:52:02.000,332,0.380000,243.000000,0.000000,2.166667
294358,14122,168,2023-06-20 03:52:02.000,2023-06-20 05:52:57.000,332,0.380000,263.000000,0.000000,2.000000
294367,14122,168,2023-06-20 06:00:00.000,2023-06-20 06:59:48.000,332,0.380000,105.000000,0.000000,9.150000
294378,14122,168,2023-06-20 06:59:48.000,2023-06-20 07:59:24.000,332,0.380000,130.000000,1.000000,0.000000
294392,14122,168,2023-06-20 07:59:24.000,2023-06-20 08:59:32.000,332,0.380000,135.000000,0.000000,0.000000
294405,14122,168,2023-06-20 08:59:32.000,2023-06-20 09:58:19.000,332,0.380000,134.000000,0.000000,0.000000
294418,14122,168,2023-06-20 09:58:19.000,2023-06-20 10:58:40.000,332,0.380000,129.000000,0.000000,0.000000
294424,14122,168,2023-06-20 10:58:40.000,2023-06-20 11:59:33.000,332,0.380000,135.000000,0.000000,0.000000
294456,14122,168,2023-06-20 11:59:33.000,2023-06-20 13:52:16.000,332,0.380000,252.000000,0.000000,0.000000
294477,14122,168,2023-06-20 14:00:00.000,2023-06-20 15:43:59.000,332,0.380000,161.000000,0.000000,20.283334
294481,14122,168,2023-06-20 15:43:59.000,2023-06-20 15:57:30.000,332,0.380000,0.000000,0.000000,13.502157
294512,14122,168,2023-06-20 15:57:30.000,2023-06-20 18:22:21.000,332,0.380000,0.000000,0.000000,144.842056
294558,14122,168,2023-06-20 18:22:21.000,2023-06-20 21:50:11.000,332,0.380000,453.000000,6.000000,3.366667
294572,14122,168,2023-06-20 22:00:00.000,2023-06-20 23:54:57.000,332,0.380000,246.000000,0.000000,11.000000
294589,14122,168,2023-06-20 23:54:57.000,2023-06-21 01:51:42.000,332,0.380000,259.000000,0.000000,0.000000
294611,14122,168,2023-06-21 01:51:42.000,2023-06-21 03:54:23.000,332,0.380000,258.000000,1.000000,6.033333
294638,14122,168,2023-06-21 03:54:23.000,2023-06-21 05:53:46.000,332,0.380000,259.000000,1.000000,4.000000
294646,14122,168,2023-06-21 06:00:00.000,2023-06-21 06:58:24.000,332,0.380000,103.000000,4.000000,7.300000
294668,14122,168,2023-06-21 06:58:24.000,2023-06-21 07:59:45.000,332,0.380000,127.000000,0.000000,4.950000
294683,14122,168,2023-06-21 07:59:45.000,2023-06-21 08:59:01.000,332,0.380000,130.000000,1.000000,0.000000
294716,14122,168,2023-06-21 08:59:01.000,2023-06-21 10:59:50.000,332,0.380000,134.000000,2.000000,2.766667
294729,14122,168,2023-06-21 10:59:50.000,2023-06-21 11:59:14.000,332,0.380000,124.000000,1.000000,0.000000
294745,14122,168,2023-06-21 11:59:14.000,2023-06-21 12:58:57.000,332,0.380000,120.000000,0.000000,2.650000
294751,14122,168,2023-06-21 12:58:57.000,2023-06-21 13:08:37.000,332,0.380000,19.000000,0.000000,0.000000
294757,14122,168,2023-06-21 13:08:37.000,2023-06-21 13:42:02.000,332,0.380000,0.000000,0.000000,33.415782
294769,14122,168,2023-06-21 13:42:02.000,2023-06-21 13:52:16.000,332,0.380000,21.000000,0.000000,0.000000
294788,14122,168,2023-06-21 14:00:00.000,2023-06-21 15:22:57.000,332,0.380000,163.000000,3.000000,2.250000
294820,14122,168,2023-06-21 15:22:57.000,2023-06-21 18:14:21.000,332,0.380000,0.000000,0.000000,171.391480
294866,14122,168,2023-06-21 18:14:21.000,2023-06-21 21:51:03.000,332,0.380000,457.000000,9.000000,0.000000
294897,14122,168,2023-06-21 22:00:00.000,2023-06-22 01:49:11.000,332,0.380000,416.000000,0.000000,4.000000
294944,14122,168,2023-06-22 01:49:11.000,2023-06-22 05:53:56.000,332,0.380000,518.000000,0.000000,4.000000
295016,14122,168,2023-06-22 06:00:00.000,2023-06-22 11:01:55.000,332,0.380000,96.000000,1.000000,3.016667
295025,14122,168,2023-06-22 11:01:55.000,2023-06-22 11:17:33.000,332,0.380000,14.000000,2.000000,4.750000
295028,14122,168,2023-06-22 11:17:33.000,2023-06-22 11:34:49.000,332,0.380000,0.000000,0.000000,17.253842
295039,14122,168,2023-06-22 11:34:49.000,2023-06-22 12:00:12.000,332,0.380000,84.000000,1.000000,0.000000
295050,14122,168,2023-06-22 12:00:12.000,2023-06-22 12:44:42.000,332,0.380000,87.000000,0.000000,4.400000
295097,14122,168,2023-06-22 14:00:00.000,2023-06-22 17:58:29.000,332,0.380000,372.000000,2.000000,2.866667
295150,14122,168,2023-06-22 17:58:29.000,2023-06-22 21:51:22.000,332,0.380000,491.000000,2.000000,3.000000
295186,14122,168,2023-06-22 22:00:00.000,2023-06-23 01:50:43.000,332,0.380000,481.000000,0.000000,5.633333
295212,14122,168,2023-06-23 01:50:43.000,2023-06-23 04:54:44.000,332,0.380000,377.000000,1.000000,6.550000
295230,14122,168,2023-06-23 04:54:44.000,2023-06-23 05:53:26.000,332,0.380000,121.000000,0.000000,3.316667
295242,14122,168,2023-06-23 06:00:00.000,2023-06-23 07:01:02.000,332,0.380000,86.000000,2.000000,19.183333
295258,14122,168,2023-06-23 07:01:02.000,2023-06-23 07:59:58.000,332,0.380000,126.000000,0.000000,0.000000
295268,14122,168,2023-06-23 07:59:58.000,2023-06-23 08:59:04.000,332,0.380000,127.000000,1.000000,0.000000
295287,14122,168,2023-06-23 08:59:04.000,2023-06-23 10:59:38.000,332,0.380000,112.000000,0.000000,0.000000
295301,14122,168,2023-06-23 10:59:38.000,2023-06-23 12:00:20.000,332,0.380000,127.000000,0.000000,17.150000
295319,14122,168,2023-06-23 12:00:20.000,2023-06-23 12:59:06.000,332,0.380000,128.000000,0.000000,0.000000
295336,14122,168,2023-06-23 12:59:06.000,2023-06-23 13:51:34.000,332,0.380000,102.000000,0.000000,4.366667
295362,14122,168,2023-06-23 14:00:00.000,2023-06-23 16:42:37.000,332,0.380000,325.000000,0.000000,11.766667
295375,14122,168,2023-06-23 16:42:37.000,2023-06-23 17:37:00.000,332,0.380000,0.000000,0.000000,54.373489
295410,14122,168,2023-06-23 17:37:00.000,2023-06-23 21:01:14.000,332,0.380000,394.000000,0.000000,10.550000
295435,14122,168,2023-06-23 21:01:14.000,2023-06-23 22:00:00.000,332,0.380000,0.000000,0.000000,58.766667
295436,14122,168,2023-06-23 22:00:00.000,2023-06-23 23:04:31.000,332,0.380000,0.000000,0.000000,64.506588
295460,14122,168,2023-06-23 23:04:31.000,2023-06-24 01:55:47.000,332,0.380000,362.000000,0.000000,2.583333
295496,14122,168,2023-06-24 01:55:47.000,2023-06-24 05:51:30.000,332,0.380000,514.000000,2.000000,5.016667
295507,14122,168,2023-06-24 06:00:00.000,2023-06-24 06:58:10.000,332,0.380000,109.000000,0.000000,8.900000
295518,14122,168,2023-06-24 06:58:10.000,2023-06-24 07:59:12.000,332,0.380000,135.000000,0.000000,0.000000
295537,14122,168,2023-06-24 07:59:12.000,2023-06-24 09:00:22.000,332,0.380000,133.000000,1.000000,2.333333
295549,14122,168,2023-06-24 09:00:22.000,2023-06-24 09:59:42.000,332,0.380000,139.000000,0.000000,0.000000
295556,14122,168,2023-06-24 09:59:42.000,2023-06-24 10:59:44.000,332,0.380000,136.000000,0.000000,0.000000
295566,14122,168,2023-06-24 10:59:44.000,2023-06-24 11:59:53.000,332,0.380000,135.000000,1.000000,0.000000
295578,14122,168,2023-06-24 11:59:53.000,2023-06-24 12:59:59.000,332,0.380000,125.000000,1.000000,2.800000
295599,14122,168,2023-06-24 12:59:59.000,2023-06-24 13:54:11.000,332,0.380000,113.000000,0.000000,3.050000
295676,14218,168,2023-06-26 06:00:00.000,2023-06-26 09:59:14.000,332,0.380000,461.000000,0.000000,35.016667
295732,14218,168,2023-06-26 09:59:14.000,2023-06-26 13:50:35.000,332,0.380000,518.000000,2.000000,4.800000
295769,14218,168,2023-06-26 14:00:00.000,2023-06-26 17:51:40.000,332,0.380000,168.000000,0.000000,2.000000
295806,14218,168,2023-06-26 17:51:40.000,2023-06-26 21:24:09.000,332,0.380000,474.000000,0.000000,4.000000
295824,14218,168,2023-06-26 22:00:00.000,2023-06-26 22:59:27.000,332,0.380000,132.000000,0.000000,2.100000
295840,14218,168,2023-06-26 22:59:27.000,2023-06-26 23:59:32.000,332,0.380000,140.000000,0.000000,0.000000
295852,14218,168,2023-06-26 23:59:32.000,2023-06-27 00:58:45.000,332,0.380000,121.000000,1.000000,2.983333
295865,14218,168,2023-06-27 00:58:45.000,2023-06-27 01:58:43.000,332,0.380000,137.000000,0.000000,0.000000
295881,14218,168,2023-06-27 01:58:43.000,2023-06-27 02:59:47.000,332,0.380000,138.000000,1.000000,0.000000
295900,14218,168,2023-06-27 02:59:47.000,2023-06-27 04:00:29.000,332,0.380000,136.000000,0.000000,0.000000
295909,14218,168,2023-06-27 04:00:29.000,2023-06-27 04:59:33.000,332,0.380000,125.000000,1.000000,4.383333
295923,14218,168,2023-06-27 04:59:33.000,2023-06-27 05:52:21.000,332,0.380000,119.000000,0.000000,0.000000
295986,14218,168,2023-06-27 06:00:00.000,2023-06-27 10:00:50.000,332,0.380000,499.000000,5.000000,11.383333
296060,14218,168,2023-06-27 10:00:50.000,2023-06-27 13:50:23.000,332,0.380000,499.000000,2.000000,4.066667
296095,14218,168,2023-06-27 14:00:00.000,2023-06-27 17:50:06.000,332,0.380000,496.000000,1.000000,10.200000
296123,14218,168,2023-06-27 17:50:06.000,2023-06-27 20:52:34.000,332,0.380000,376.000000,2.000000,10.250000
296128,14218,168,2023-06-27 20:52:34.000,2023-06-27 21:05:52.000,332,0.380000,0.000000,0.000000,13.294837
296140,14218,168,2023-06-27 21:05:52.000,2023-06-27 21:52:37.000,332,0.380000,82.000000,0.000000,8.983333
296150,14218,168,2023-06-27 22:00:00.000,2023-06-27 22:58:41.000,332,0.380000,117.000000,0.000000,7.166667
296164,14218,168,2023-06-27 22:58:41.000,2023-06-27 23:58:10.000,332,0.380000,119.000000,4.000000,3.416667
296179,14218,168,2023-06-27 23:58:10.000,2023-06-28 01:00:06.000,332,0.380000,139.000000,0.000000,0.000000
296188,14218,168,2023-06-28 01:00:06.000,2023-06-28 01:20:25.000,332,0.380000,22.000000,16.000000,0.000000
296221,14218,168,2023-06-28 01:20:25.000,2023-06-28 04:25:54.000,332,0.380000,0.000000,0.000000,185.466719
296223,14218,168,2023-06-28 04:25:54.000,2023-06-28 04:47:28.000,332,0.380000,42.000000,2.000000,6.000000
296239,14218,168,2023-06-28 04:47:28.000,2023-06-28 05:32:09.000,332,0.380000,0.000000,0.000000,44.670787
296247,14218,168,2023-06-28 05:32:09.000,2023-06-28 05:52:29.000,332,0.380000,40.000000,0.000000,0.000000
296306,14218,168,2023-06-28 06:00:00.000,2023-06-28 10:00:29.000,332,0.380000,510.000000,2.000000,1.300000
296366,14218,168,2023-06-28 10:00:29.000,2023-06-28 13:49:28.000,332,0.380000,482.000000,1.000000,2.500000
296403,14218,168,2023-06-28 14:00:00.000,2023-06-28 17:52:44.000,332,0.380000,475.000000,0.000000,15.716667
296442,14218,168,2023-06-28 17:52:44.000,2023-06-28 21:50:45.000,332,0.380000,495.000000,2.000000,6.000000
296465,14218,168,2023-06-28 22:00:00.000,2023-06-28 22:59:51.000,332,0.380000,116.000000,1.000000,4.633333
296477,14218,168,2023-06-28 22:59:51.000,2023-06-28 23:59:47.000,332,0.380000,122.000000,0.000000,0.000000
296491,14218,168,2023-06-28 23:59:47.000,2023-06-29 01:00:12.000,332,0.380000,129.000000,0.000000,0.000000
296502,14218,168,2023-06-29 01:00:12.000,2023-06-29 01:59:11.000,332,0.380000,120.000000,0.000000,2.600000
296516,14218,168,2023-06-29 01:59:11.000,2023-06-29 02:52:01.000,332,0.380000,93.000000,3.000000,4.283333
296528,14218,168,2023-06-29 02:52:01.000,2023-06-29 03:14:34.000,332,0.380000,0.000000,0.000000,22.542202
296536,14218,168,2023-06-29 03:14:34.000,2023-06-29 04:00:35.000,332,0.380000,107.000000,2.000000,0.000000
296548,14218,168,2023-06-29 04:00:35.000,2023-06-29 05:00:09.000,332,0.380000,118.000000,1.000000,0.000000
296570,14218,168,2023-06-29 05:00:09.000,2023-06-29 05:52:41.000,332,0.380000,106.000000,4.000000,0.000000
296616,14218,168,2023-06-29 06:00:00.000,2023-06-29 08:56:52.000,332,0.380000,352.000000,0.000000,7.816667
297167,14218,168,2023-07-01 00:02:24.000,2023-07-01 02:59:32.000,332,0.380000,208.000000,1.000000,50.000000
297181,14218,168,2023-07-01 02:59:32.000,2023-07-01 03:58:51.000,332,0.380000,131.000000,0.000000,0.000000
297194,14218,168,2023-07-01 03:58:51.000,2023-07-01 04:58:35.000,332,0.380000,132.000000,0.000000,2.133333
297218,14218,168,2023-07-01 04:58:35.000,2023-07-01 05:54:19.000,332,0.380000,117.000000,0.000000,3.166667
297255,14218,168,2023-07-01 06:00:00.000,2023-07-01 09:59:21.000,332,0.380000,539.000000,2.000000,1.900000
297295,14218,168,2023-07-01 09:59:21.000,2023-07-01 13:47:50.000,332,0.380000,509.000000,0.000000,4.283333
297324,14218,168,2023-07-01 14:00:00.000,2023-07-01 20:10:05.000,332,0.380000,760.000000,6.000000,21.750001
296703,14250,168,2023-06-29 08:56:52.000,2023-06-29 13:50:57.000,370,0.350000,524.000000,6.000000,65.933333
296740,14250,168,2023-06-29 14:00:00.000,2023-06-29 17:50:30.000,370,0.350000,484.000000,7.000000,6.800000
296778,14250,168,2023-06-29 17:50:30.000,2023-06-29 21:00:39.000,370,0.350000,432.000000,14.000000,3.133333
296785,14250,168,2023-06-29 21:00:39.000,2023-06-29 21:51:13.000,370,0.350000,115.000000,4.000000,2.000000
296805,14250,168,2023-06-29 22:00:00.000,2023-06-29 22:59:44.000,370,0.350000,124.000000,0.000000,8.433333
296815,14250,168,2023-06-29 22:59:44.000,2023-06-29 23:59:17.000,370,0.350000,133.000000,5.000000,0.000000
296834,14250,168,2023-06-29 23:59:17.000,2023-06-30 01:03:36.000,370,0.350000,139.000000,5.000000,2.850000
296845,14250,168,2023-06-30 01:03:36.000,2023-06-30 02:57:56.000,370,0.350000,154.000000,3.000000,2.433333
296859,14250,168,2023-06-30 02:57:56.000,2023-06-30 04:00:10.000,370,0.350000,155.000000,1.000000,0.000000
296869,14250,168,2023-06-30 04:00:10.000,2023-06-30 04:40:46.000,370,0.350000,88.000000,0.000000,3.683333
296870,14250,168,2023-06-30 04:40:46.000,2023-06-30 04:46:39.000,370,0.350000,0.000000,0.000000,5.880145
296890,14250,168,2023-06-30 04:46:39.000,2023-06-30 05:51:18.000,370,0.350000,159.000000,0.000000,0.000000
296944,14250,168,2023-06-30 06:00:00.000,2023-06-30 09:58:45.000,370,0.350000,565.000000,20.000000,5.766667
297011,14250,168,2023-06-30 09:58:45.000,2023-06-30 13:50:03.000,370,0.350000,545.000000,0.000000,9.266667
297052,14250,168,2023-06-30 14:00:00.000,2023-06-30 17:52:25.000,370,0.350000,539.000000,3.000000,5.466667
297065,14250,168,2023-06-30 17:52:25.000,2023-06-30 18:58:34.000,370,0.350000,130.000000,0.000000,15.966667
297100,14250,168,2023-06-30 18:58:34.000,2023-06-30 21:51:34.000,370,0.350000,409.000000,1.000000,4.000000
297116,14250,168,2023-06-30 22:00:00.000,2023-06-30 23:00:12.000,370,0.350000,136.000000,2.000000,5.350000
297130,14250,168,2023-06-30 23:00:12.000,2023-07-01 00:02:24.000,370,0.350000,148.000000,0.000000,0.000000
297330,14260,168,2023-07-01 20:10:05.000,2023-07-01 21:46:02.000,377,0.360000,192.000000,0.000000,35.766667
297363,14280,168,2023-07-03 06:00:00.000,2023-07-03 09:53:18.000,377,0.360000,457.000000,1.000000,35.683333
297410,14280,168,2023-07-03 09:53:18.000,2023-07-03 13:50:41.000,377,0.360000,549.000000,2.000000,2.000000
297427,14280,168,2023-07-03 14:00:00.000,2023-07-03 14:59:22.000,377,0.360000,124.000000,2.000000,6.783333
297439,14280,168,2023-07-03 14:59:22.000,2023-07-03 15:58:44.000,377,0.360000,145.000000,0.000000,0.000000
297452,14280,168,2023-07-03 15:58:44.000,2023-07-03 16:58:11.000,377,0.360000,137.000000,0.000000,2.066667
297460,14280,168,2023-07-03 16:58:11.000,2023-07-03 17:58:16.000,377,0.360000,148.000000,0.000000,0.000000
297483,14280,168,2023-07-03 17:58:16.000,2023-07-03 18:58:10.000,377,0.360000,142.000000,1.000000,0.000000
297496,14280,168,2023-07-03 18:58:10.000,2023-07-03 19:59:44.000,377,0.360000,146.000000,0.000000,0.000000
297509,14280,168,2023-07-03 19:59:44.000,2023-07-03 21:00:36.000,377,0.360000,130.000000,3.000000,6.700000
297528,14280,168,2023-07-03 21:00:36.000,2023-07-03 21:52:05.000,377,0.360000,127.000000,0.000000,0.000000
297591,14280,168,2023-07-03 22:00:00.000,2023-07-04 01:59:19.000,377,0.360000,508.000000,3.000000,32.883333
297637,14280,168,2023-07-04 01:59:19.000,2023-07-04 05:52:06.000,377,0.360000,549.000000,1.000000,4.116667
297645,14280,168,2023-07-04 06:00:00.000,2023-07-04 06:13:01.000,377,0.360000,11.000000,0.000000,7.066667
297677,14293,168,2023-07-04 06:13:01.000,2023-07-04 09:50:42.000,332,0.380000,348.000000,2.000000,45.000000
297733,14293,168,2023-07-04 09:50:42.000,2023-07-04 13:52:49.000,332,0.380000,482.000000,0.000000,6.133333
297747,14293,168,2023-07-04 14:00:00.000,2023-07-04 14:59:59.000,332,0.380000,85.000000,1.000000,18.483333
297759,14293,168,2023-07-04 14:59:59.000,2023-07-04 15:58:33.000,332,0.380000,116.000000,1.000000,0.000000
297773,14293,168,2023-07-04 15:58:33.000,2023-07-04 17:00:14.000,332,0.380000,120.000000,1.000000,4.300000
297784,14293,168,2023-07-04 17:00:14.000,2023-07-04 17:59:20.000,332,0.380000,120.000000,1.000000,0.000000
297802,14293,168,2023-07-04 17:59:20.000,2023-07-04 19:02:00.000,332,0.380000,126.000000,0.000000,0.000000
297815,14293,168,2023-07-04 19:02:00.000,2023-07-04 20:02:08.000,332,0.380000,124.000000,0.000000,0.000000
297826,14293,168,2023-07-04 20:02:08.000,2023-07-04 20:59:40.000,332,0.380000,114.000000,0.000000,2.016667
297845,14293,168,2023-07-04 20:59:40.000,2023-07-04 21:52:15.000,332,0.380000,107.000000,2.000000,0.000000
297911,14293,168,2023-07-04 22:00:00.000,2023-07-05 02:00:12.000,332,0.380000,410.000000,0.000000,14.916667
297945,14293,168,2023-07-05 02:00:12.000,2023-07-05 05:49:52.000,332,0.380000,443.000000,0.000000,13.316667
297994,14293,168,2023-07-05 06:00:00.000,2023-07-05 09:53:33.000,332,0.380000,403.000000,2.000000,37.150000
298036,14293,168,2023-07-05 09:53:33.000,2023-07-05 12:53:24.000,332,0.380000,365.000000,3.000000,4.000000
298051,14293,168,2023-07-05 12:53:24.000,2023-07-05 13:52:58.000,332,0.380000,123.000000,1.000000,2.000000
298066,14293,168,2023-07-05 14:00:00.000,2023-07-05 14:58:52.000,332,0.380000,99.000000,0.000000,9.050000
298079,14293,168,2023-07-05 14:58:52.000,2023-07-05 15:59:31.000,332,0.380000,119.000000,6.000000,0.000000
298090,14293,168,2023-07-05 15:59:31.000,2023-07-05 16:58:22.000,332,0.380000,109.000000,3.000000,4.083333
298103,14293,168,2023-07-05 16:58:22.000,2023-07-05 17:58:34.000,332,0.380000,117.000000,1.000000,0.000000
298118,14293,168,2023-07-05 17:58:34.000,2023-07-05 18:59:51.000,332,0.380000,103.000000,5.000000,0.000000
298130,14293,168,2023-07-05 18:59:51.000,2023-07-05 19:59:31.000,332,0.380000,121.000000,0.000000,0.000000
298141,14293,168,2023-07-05 19:59:31.000,2023-07-05 20:59:05.000,332,0.380000,123.000000,0.000000,0.000000
298160,14293,168,2023-07-05 20:59:05.000,2023-07-05 21:51:45.000,332,0.380000,108.000000,0.000000,0.000000
298169,14293,168,2023-07-05 22:00:00.000,2023-07-05 22:11:17.000,332,0.380000,11.000000,0.000000,6.450000
298246,14293,168,2023-07-05 22:11:17.000,2023-07-06 03:28:45.000,332,0.380000,0.000000,0.000000,317.460480
298289,14293,168,2023-07-06 03:28:45.000,2023-07-06 05:52:59.000,332,0.380000,310.000000,0.000000,2.200000
298328,14293,168,2023-07-06 06:00:00.000,2023-07-06 09:51:17.000,332,0.380000,461.000000,2.000000,20.716667
298380,14293,168,2023-07-06 09:51:17.000,2023-07-06 13:51:14.000,332,0.380000,502.000000,0.000000,0.000000
298399,14293,168,2023-07-06 14:00:00.000,2023-07-06 14:59:18.000,332,0.380000,94.000000,2.000000,8.916667
298411,14293,168,2023-07-06 14:59:18.000,2023-07-06 15:59:51.000,332,0.380000,122.000000,2.000000,0.000000
298422,14293,168,2023-07-06 15:59:51.000,2023-07-06 16:59:04.000,332,0.380000,112.000000,0.000000,4.333333
298429,14293,168,2023-07-06 16:59:04.000,2023-07-06 17:58:26.000,332,0.380000,101.000000,0.000000,0.000000
298442,14293,168,2023-07-06 17:58:26.000,2023-07-06 19:01:47.000,332,0.380000,129.000000,1.000000,0.000000
298450,14293,168,2023-07-06 19:01:47.000,2023-07-06 20:00:29.000,332,0.380000,108.000000,3.000000,0.000000
298466,14293,168,2023-07-06 20:00:29.000,2023-07-06 21:00:08.000,332,0.380000,117.000000,0.000000,0.000000
298482,14293,168,2023-07-06 21:00:08.000,2023-07-06 21:55:07.000,332,0.380000,105.000000,0.000000,0.000000
298520,14293,168,2023-07-06 22:00:00.000,2023-07-07 01:59:18.000,332,0.380000,439.000000,4.000000,25.650000
298571,14293,168,2023-07-07 01:59:18.000,2023-07-07 05:50:29.000,332,0.380000,476.000000,0.000000,9.050000
298599,14293,168,2023-07-07 06:00:00.000,2023-07-07 07:52:54.000,332,0.380000,202.000000,3.000000,2.000000
298619,14293,168,2023-07-07 07:52:54.000,2023-07-07 09:56:58.000,332,0.380000,263.000000,0.000000,0.000000
298661,14293,168,2023-07-07 09:56:58.000,2023-07-07 12:56:59.000,332,0.380000,364.000000,4.000000,2.000000
298680,14293,168,2023-07-07 12:56:59.000,2023-07-07 13:53:55.000,332,0.380000,116.000000,0.000000,2.000000
298686,14293,168,2023-07-07 14:00:00.000,2023-07-07 14:34:52.000,332,0.380000,35.000000,0.000000,14.016667
298687,14293,168,2023-07-07 14:34:52.000,2023-07-07 14:53:44.000,332,0.380000,0.000000,0.000000,18.861170
298707,14293,168,2023-07-07 14:53:44.000,2023-07-07 16:03:14.000,332,0.380000,123.000000,1.000000,0.000000
298719,14293,168,2023-07-07 16:03:14.000,2023-07-07 17:02:10.000,332,0.380000,119.000000,0.000000,0.000000
298729,14293,168,2023-07-07 17:02:10.000,2023-07-07 17:58:59.000,332,0.380000,112.000000,1.000000,2.600000
298751,14293,168,2023-07-07 17:58:59.000,2023-07-07 20:00:50.000,332,0.380000,226.000000,1.000000,0.000000
298776,14293,168,2023-07-07 20:00:50.000,2023-07-07 21:51:09.000,332,0.380000,220.000000,0.000000,5.583333
298819,14293,168,2023-07-07 22:00:00.000,2023-07-08 01:58:31.000,332,0.380000,428.000000,5.000000,7.000001
298860,14293,168,2023-07-08 01:58:31.000,2023-07-08 05:51:42.000,332,0.380000,475.000000,0.000000,7.366667
298873,14293,168,2023-07-08 06:00:00.000,2023-07-08 09:50:11.000,332,0.380000,482.000000,0.000000,5.566667
298895,14293,168,2023-07-08 09:50:11.000,2023-07-08 13:17:13.000,332,0.380000,429.000000,2.000000,6.116667
298903,14293,168,2023-07-08 13:17:13.000,2023-07-08 13:53:30.000,332,0.380000,67.000000,0.000000,5.766667
298975,14325,168,2023-07-10 06:00:00.000,2023-07-10 06:59:19.000,332,0.380000,80.000000,1.000000,21.350000
298987,14325,168,2023-07-10 06:59:19.000,2023-07-10 07:58:47.000,332,0.380000,128.000000,2.000000,0.000000
298995,14325,168,2023-07-10 07:58:47.000,2023-07-10 08:36:17.000,332,0.380000,77.000000,0.000000,0.000000
299028,14346,168,2023-07-10 08:36:17.000,2023-07-10 11:02:12.000,227,0.350000,70.000000,0.000000,70.000000
299049,14346,168,2023-07-10 11:02:12.000,2023-07-10 12:32:39.000,227,0.350000,152.000000,5.000000,21.516667
299050,14346,168,2023-07-10 12:32:39.000,2023-07-10 12:42:20.000,227,0.350000,0.000000,0.000000,9.671967
299074,14346,168,2023-07-10 12:42:20.000,2023-07-10 13:52:13.000,227,0.350000,141.000000,1.000000,6.616667
299233,14346,168,2023-07-10 22:00:00.000,2023-07-11 01:56:04.000,227,0.350000,487.000000,9.000000,18.733333
299276,14346,168,2023-07-11 01:56:04.000,2023-07-11 05:54:49.000,227,0.350000,591.000000,0.000000,4.916667
299449,14346,168,2023-07-11 14:00:00.000,2023-07-11 18:13:26.000,227,0.350000,391.000000,0.000000,0.000000
299470,14346,168,2023-07-11 18:13:26.000,2023-07-11 20:11:15.000,227,0.350000,0.000000,0.000000,117.803358
299505,14346,168,2023-07-11 22:00:00.000,2023-07-11 23:05:35.000,227,0.350000,154.000000,0.000000,7.466667
299528,14353,168,2023-07-11 23:05:35.000,2023-07-12 01:51:00.000,332,0.380000,251.000000,0.000000,47.733333
299567,14353,168,2023-07-12 01:51:00.000,2023-07-12 05:52:23.000,332,0.380000,518.000000,0.000000,5.633333
299719,14353,168,2023-07-12 14:00:00.000,2023-07-12 18:01:38.000,332,0.380000,590.000000,1.000000,5.783333
299767,14353,168,2023-07-12 18:01:38.000,2023-07-12 21:50:15.000,332,0.380000,486.000000,0.000000,2.000000
299810,14353,168,2023-07-12 22:00:00.000,2023-07-13 02:00:08.000,332,0.380000,469.000000,0.000000,7.300000
299856,14353,168,2023-07-13 02:00:08.000,2023-07-13 05:52:39.000,332,0.380000,465.000000,3.000000,7.600000
300000,14353,168,2023-07-13 14:00:00.000,2023-07-13 17:58:40.000,332,0.380000,443.000000,0.000000,24.900000
300052,14353,168,2023-07-13 17:58:40.000,2023-07-13 21:50:46.000,332,0.380000,466.000000,0.000000,0.000000
300089,14353,168,2023-07-13 22:00:00.000,2023-07-14 01:52:15.000,332,0.380000,466.000000,0.000000,13.216667
300121,14353,168,2023-07-14 01:52:15.000,2023-07-14 04:58:07.000,332,0.380000,402.000000,4.000000,5.533333
300136,14353,168,2023-07-14 04:58:07.000,2023-07-14 05:52:57.000,332,0.380000,119.000000,0.000000,2.850000
300205,14353,168,2023-07-14 06:00:00.000,2023-07-14 11:59:50.000,332,0.380000,209.000000,0.000000,0.000000
300221,14353,168,2023-07-14 11:59:50.000,2023-07-14 12:59:42.000,332,0.380000,118.000000,5.000000,2.483333
300241,14353,168,2023-07-14 12:59:42.000,2023-07-14 13:52:12.000,332,0.380000,108.000000,1.000000,0.000000
300280,14353,168,2023-07-14 14:00:00.000,2023-07-14 16:10:42.000,332,0.380000,229.000000,0.000000,20.983333
300282,14353,168,2023-07-14 16:10:42.000,2023-07-14 16:23:16.000,332,0.380000,0.000000,0.000000,12.554946
300296,14353,168,2023-07-14 16:23:16.000,2023-07-14 17:34:53.000,332,0.380000,141.000000,0.000000,2.833333
300319,14353,168,2023-07-14 17:34:53.000,2023-07-14 19:23:36.000,332,0.380000,0.000000,0.000000,108.703008
300344,14353,168,2023-07-14 19:23:36.000,2023-07-14 21:48:57.000,332,0.380000,279.000000,0.000000,7.383333
300379,14353,168,2023-07-14 22:00:00.000,2023-07-15 01:55:49.000,332,0.380000,434.000000,1.000000,17.500000
300413,14353,168,2023-07-15 01:55:49.000,2023-07-15 05:46:33.000,332,0.380000,469.000000,0.000000,5.000000
300453,14377,168,2023-07-17 06:00:00.000,2023-07-17 10:04:11.000,332,0.380000,395.000000,4.000000,53.350000
300468,14377,168,2023-07-17 10:04:11.000,2023-07-17 11:37:02.000,332,0.380000,175.000000,0.000000,7.033333
300514,14377,168,2023-07-17 11:37:02.000,2023-07-17 14:00:00.000,332,0.380000,0.000000,0.000000,142.966667
300513,14377,168,2023-07-17 14:00:00.000,2023-07-17 14:27:43.000,332,0.380000,0.000000,0.000000,27.710442
300534,14377,168,2023-07-17 14:27:43.000,2023-07-17 16:57:12.000,332,0.380000,298.000000,0.000000,2.916667
300577,14377,168,2023-07-17 16:57:12.000,2023-07-17 20:33:20.000,332,0.380000,0.000000,0.000000,216.120335
300579,14377,168,2023-07-17 20:33:20.000,2023-07-17 20:52:27.000,332,0.380000,36.000000,2.000000,0.000000
300592,14377,168,2023-07-17 20:52:27.000,2023-07-17 21:51:17.000,332,0.380000,118.000000,0.000000,2.000000
300609,14377,168,2023-07-17 22:00:00.000,2023-07-17 22:59:03.000,332,0.380000,86.000000,0.000000,16.466667
300659,14377,168,2023-07-17 22:59:03.000,2023-07-18 03:05:49.000,332,0.380000,508.000000,0.000000,0.000000
300683,14377,168,2023-07-18 03:05:49.000,2023-07-18 05:05:29.000,332,0.380000,241.000000,2.000000,4.600000
300692,14377,168,2023-07-18 05:05:29.000,2023-07-18 05:51:07.000,332,0.380000,93.000000,0.000000,0.000000
300751,14377,168,2023-07-18 06:00:00.000,2023-07-18 10:01:49.000,332,0.380000,497.000000,2.000000,5.066667
300802,14377,168,2023-07-18 10:01:49.000,2023-07-18 13:50:58.000,332,0.380000,446.000000,2.000000,19.700000
300830,14377,168,2023-07-18 14:00:00.000,2023-07-18 17:51:31.000,332,0.380000,476.000000,0.000000,20.900000
300887,14377,168,2023-07-18 17:51:31.000,2023-07-18 21:52:17.000,332,0.380000,509.000000,0.000000,2.000000
300906,14377,168,2023-07-18 22:00:00.000,2023-07-18 23:00:47.000,332,0.380000,117.000000,1.000000,4.216667
300937,14377,168,2023-07-18 23:00:47.000,2023-07-19 01:04:22.000,332,0.380000,252.000000,0.000000,0.000000
300961,14377,168,2023-07-19 01:04:22.000,2023-07-19 03:07:02.000,332,0.380000,243.000000,2.000000,2.900000
300988,14377,168,2023-07-19 03:07:02.000,2023-07-19 05:04:17.000,332,0.380000,234.000000,0.000000,3.516667
300999,14377,168,2023-07-19 05:04:17.000,2023-07-19 05:52:00.000,332,0.380000,96.000000,0.000000,0.000000
301057,14377,168,2023-07-19 06:00:00.000,2023-07-19 10:20:35.000,332,0.380000,464.000000,2.000000,7.450000
301101,14377,168,2023-07-19 10:20:35.000,2023-07-19 13:51:42.000,332,0.380000,435.000000,1.000000,2.650000
301225,14377,168,2023-07-19 22:00:00.000,2023-07-20 00:18:53.000,332,0.380000,211.000000,1.000000,2.583333
301346,14377,168,2023-07-20 06:00:00.000,2023-07-20 10:20:27.000,332,0.380000,542.000000,3.000000,11.550000
301384,14377,168,2023-07-20 10:20:27.000,2023-07-20 13:49:17.000,332,0.380000,444.000000,2.000000,10.233333
301423,14377,168,2023-07-20 14:00:00.000,2023-07-20 17:54:55.000,332,0.380000,483.000000,46.000000,15.066667
301469,14377,168,2023-07-20 17:54:55.000,2023-07-20 21:52:08.000,332,0.380000,506.000000,165.000000,6.000000
301485,14377,168,2023-07-20 22:00:00.000,2023-07-20 23:04:55.000,332,0.380000,131.000000,0.000000,5.800000
301510,14377,168,2023-07-20 23:04:55.000,2023-07-21 01:05:05.000,332,0.380000,254.000000,1.000000,2.833333
301520,14377,168,2023-07-21 01:05:05.000,2023-07-21 02:02:34.000,332,0.380000,112.000000,0.000000,4.850000
301539,14377,168,2023-07-21 02:02:34.000,2023-07-21 04:55:07.000,332,0.380000,357.000000,2.000000,6.383333
301557,14377,168,2023-07-21 04:55:07.000,2023-07-21 05:50:58.000,332,0.380000,123.000000,0.000000,0.000000
301600,14377,168,2023-07-21 06:00:00.000,2023-07-21 09:58:03.000,332,0.380000,521.000000,2.000000,9.816667
301648,14377,168,2023-07-21 09:58:03.000,2023-07-21 13:49:35.000,332,0.380000,529.000000,0.000000,2.350000
301682,14377,168,2023-07-21 14:00:00.000,2023-07-21 17:51:17.000,332,0.380000,492.000000,1.000000,8.950000
301709,14377,168,2023-07-21 17:51:17.000,2023-07-21 20:43:02.000,332,0.380000,305.000000,0.000000,0.000000
301738,14377,168,2023-07-21 22:00:00.000,2023-07-21 23:04:07.000,332,0.380000,131.000000,2.000000,6.283333
301747,14377,168,2023-07-21 23:04:07.000,2023-07-22 00:00:20.000,332,0.380000,129.000000,0.000000,0.000000
301760,14377,168,2023-07-22 00:00:20.000,2023-07-22 00:58:24.000,332,0.380000,130.000000,0.000000,0.000000
301775,14377,168,2023-07-22 00:58:24.000,2023-07-22 01:58:32.000,332,0.380000,141.000000,0.000000,0.000000
301788,14377,168,2023-07-22 01:58:32.000,2023-07-22 02:59:18.000,332,0.380000,134.000000,2.000000,0.000000
301798,14377,168,2023-07-22 02:59:18.000,2023-07-22 04:00:26.000,332,0.380000,128.000000,0.000000,3.783333
301810,14377,168,2023-07-22 04:00:26.000,2023-07-22 04:59:26.000,332,0.380000,127.000000,2.000000,0.000000
301832,14377,168,2023-07-22 04:59:26.000,2023-07-22 05:53:24.000,332,0.380000,118.000000,0.000000,0.000000
301842,14435,168,2023-07-24 06:00:00.000,2023-07-24 07:55:10.000,332,0.380000,167.000000,0.000000,38.283333
301864,14435,168,2023-07-24 07:55:10.000,2023-07-24 10:00:09.000,332,0.380000,282.000000,0.000000,4.000000
301905,14435,168,2023-07-24 10:00:09.000,2023-07-24 13:51:28.000,332,0.380000,497.000000,0.000000,6.050000
301921,14435,168,2023-07-24 14:00:00.000,2023-07-24 14:59:15.000,332,0.380000,126.000000,0.000000,2.950000
301930,14435,168,2023-07-24 14:59:15.000,2023-07-24 16:01:08.000,332,0.380000,132.000000,0.000000,0.000000
301940,14435,168,2023-07-24 16:01:08.000,2023-07-24 17:00:05.000,332,0.380000,124.000000,0.000000,4.616667
301950,14435,168,2023-07-24 17:00:05.000,2023-07-24 18:00:10.000,332,0.380000,131.000000,0.000000,0.000000
301967,14435,168,2023-07-24 18:00:10.000,2023-07-24 19:02:26.000,332,0.380000,131.000000,0.000000,0.000000
301978,14435,168,2023-07-24 19:02:26.000,2023-07-24 20:01:46.000,332,0.380000,131.000000,0.000000,0.000000
301992,14435,168,2023-07-24 20:01:46.000,2023-07-24 21:02:15.000,332,0.380000,129.000000,0.000000,2.633333
302007,14435,168,2023-07-24 21:02:15.000,2023-07-24 21:53:24.000,332,0.380000,106.000000,0.000000,0.000000
302045,14435,168,2023-07-24 22:00:00.000,2023-07-25 02:00:04.000,332,0.380000,456.000000,1.000000,34.750000
302080,14435,168,2023-07-25 02:00:04.000,2023-07-25 05:50:21.000,332,0.380000,501.000000,0.000000,1.450000
302122,14435,168,2023-07-25 06:00:00.000,2023-07-25 09:49:45.000,332,0.380000,484.000000,0.000000,9.300000
302169,14435,168,2023-07-25 09:49:45.000,2023-07-25 13:57:25.000,332,0.380000,518.000000,0.000000,7.000000
302563,14435,168,2023-07-26 22:00:00.000,2023-07-27 02:00:21.000,332,0.380000,490.000000,1.000000,0.000000
302606,14435,168,2023-07-27 02:00:21.000,2023-07-27 05:50:51.000,332,0.380000,539.000000,1.000000,0.000000
302647,14435,168,2023-07-27 06:00:00.000,2023-07-27 09:50:50.000,332,0.380000,520.000000,0.000000,6.316667
302689,14435,168,2023-07-27 09:50:50.000,2023-07-27 13:12:06.000,332,0.380000,472.000000,1.000000,4.000000
302697,14435,168,2023-07-27 13:12:06.000,2023-07-27 13:53:08.000,332,0.380000,77.000000,0.000000,8.733333
302708,14435,168,2023-07-27 14:00:00.000,2023-07-27 15:00:06.000,332,0.380000,124.000000,0.000000,3.083333
302724,14435,168,2023-07-27 15:00:06.000,2023-07-27 15:59:45.000,332,0.380000,123.000000,0.000000,2.616667
302732,14435,168,2023-07-27 15:59:45.000,2023-07-27 16:58:37.000,332,0.380000,125.000000,1.000000,0.000000
302744,14435,168,2023-07-27 16:58:37.000,2023-07-27 17:58:23.000,332,0.380000,134.000000,0.000000,0.000000
302758,14435,168,2023-07-27 17:58:23.000,2023-07-27 18:58:53.000,332,0.380000,129.000000,0.000000,2.650000
302788,14435,168,2023-07-27 18:58:53.000,2023-07-27 21:00:58.000,332,0.380000,270.000000,0.000000,0.000000
302807,14435,168,2023-07-27 21:00:58.000,2023-07-27 21:53:54.000,332,0.380000,108.000000,0.000000,0.000000
302846,14435,168,2023-07-27 22:00:00.000,2023-07-28 02:00:38.000,332,0.380000,492.000000,0.000000,18.583333
302885,14435,168,2023-07-28 02:00:38.000,2023-07-28 05:50:59.000,332,0.380000,513.000000,0.000000,2.200000
302929,14435,168,2023-07-28 06:00:00.000,2023-07-28 10:41:54.000,332,0.380000,164.000000,0.000000,0.000000
302935,14435,168,2023-07-28 10:41:54.000,2023-07-28 11:03:23.000,332,0.380000,0.000000,0.000000,21.472878
302941,14435,168,2023-07-28 11:03:23.000,2023-07-28 11:56:38.000,332,0.380000,43.000000,28.000000,2.166667
302963,14435,168,2023-07-28 11:56:38.000,2023-07-28 13:53:49.000,332,0.380000,247.000000,0.000000,3.533333
302978,14435,168,2023-07-28 14:00:00.000,2023-07-28 15:00:16.000,332,0.380000,111.000000,1.000000,6.016667
302986,14435,168,2023-07-28 15:00:16.000,2023-07-28 15:59:34.000,332,0.380000,71.000000,1.000000,0.000000
303002,14435,168,2023-07-28 15:59:34.000,2023-07-28 17:00:48.000,332,0.380000,132.000000,0.000000,0.000000
303006,14435,168,2023-07-28 17:00:48.000,2023-07-28 17:59:05.000,332,0.380000,123.000000,0.000000,0.000000
303019,14435,168,2023-07-28 17:59:05.000,2023-07-28 18:59:20.000,332,0.380000,129.000000,2.000000,0.000000
303033,14435,168,2023-07-28 18:59:20.000,2023-07-28 19:59:41.000,332,0.380000,119.000000,0.000000,4.833333
303064,14435,168,2023-07-28 19:59:41.000,2023-07-28 21:53:40.000,332,0.380000,238.000000,0.000000,2.966667
303153,14435,168,2023-07-29 06:00:00.000,2023-07-29 06:25:48.000,332,0.380000,50.000000,0.000000,3.966667
303172,14435,168,2023-07-29 06:25:48.000,2023-07-29 09:11:16.000,332,0.380000,118.000000,0.000000,0.000000
303214,14435,168,2023-07-29 14:00:00.000,2023-07-29 15:59:42.000,332,0.380000,253.000000,0.000000,4.183333
303221,14435,168,2023-07-29 15:59:42.000,2023-07-29 16:59:44.000,332,0.380000,126.000000,3.000000,0.000000
303229,14435,168,2023-07-29 16:59:44.000,2023-07-29 19:01:51.000,332,0.380000,261.000000,1.000000,0.000000
303233,14435,168,2023-07-29 19:01:51.000,2023-07-29 19:59:52.000,332,0.380000,120.000000,0.000000,0.000000
303238,14435,168,2023-07-29 19:59:52.000,2023-07-29 21:00:59.000,332,0.380000,128.000000,0.000000,0.000000
303246,14435,168,2023-07-29 21:00:59.000,2023-07-29 21:51:44.000,332,0.380000,109.000000,0.000000,0.000000
302184,14461,168,2023-07-25 14:00:00.000,2023-07-25 16:00:34.000,212,0.360000,111.000000,0.000000,0.000000
302193,14461,168,2023-07-25 16:00:34.000,2023-07-25 17:00:30.000,212,0.360000,130.000000,1.000000,0.000000
302203,14461,168,2023-07-25 17:00:30.000,2023-07-25 18:00:01.000,212,0.360000,130.000000,1.000000,0.000000
302211,14461,168,2023-07-25 18:00:01.000,2023-07-25 19:01:53.000,212,0.360000,132.000000,0.000000,0.000000
302225,14461,168,2023-07-25 19:01:53.000,2023-07-25 20:04:46.000,212,0.360000,126.000000,1.000000,4.083333
302239,14461,168,2023-07-25 20:04:46.000,2023-07-25 21:02:23.000,212,0.360000,127.000000,0.000000,0.000000
302254,14461,168,2023-07-25 21:02:23.000,2023-07-25 21:52:47.000,212,0.360000,108.000000,0.000000,0.000000
302380,14461,168,2023-07-26 06:00:00.000,2023-07-26 09:52:33.000,212,0.360000,500.000000,2.000000,16.816667
302402,14461,168,2023-07-26 09:52:33.000,2023-07-26 11:54:35.000,212,0.360000,278.000000,0.000000,2.250000
303255,14500,168,2023-07-31 06:00:00.000,2023-07-31 06:58:20.000,332,0.380000,100.000000,0.000000,13.566667
303271,14500,168,2023-07-31 06:58:20.000,2023-07-31 07:58:12.000,332,0.380000,124.000000,0.000000,5.233333
303285,14500,168,2023-07-31 07:58:12.000,2023-07-31 09:00:47.000,332,0.380000,141.000000,0.000000,0.000000
303301,14500,168,2023-07-31 09:00:47.000,2023-07-31 09:59:23.000,332,0.380000,129.000000,0.000000,0.000000
303316,14500,168,2023-07-31 09:59:23.000,2023-07-31 10:59:32.000,332,0.380000,130.000000,0.000000,0.000000
303329,14500,168,2023-07-31 10:59:32.000,2023-07-31 12:00:48.000,332,0.380000,135.000000,0.000000,0.000000
303342,14500,168,2023-07-31 12:00:48.000,2023-07-31 12:59:56.000,332,0.380000,135.000000,0.000000,0.000000
303360,14500,168,2023-07-31 12:59:56.000,2023-07-31 13:53:02.000,332,0.380000,112.000000,1.000000,3.000000
303371,14500,168,2023-07-31 14:00:00.000,2023-07-31 14:30:03.000,332,0.380000,58.000000,0.000000,0.000000
303400,14522,168,2023-07-31 14:30:03.000,2023-07-31 17:59:19.000,297,0.320000,268.000000,1.000000,0.000000
303451,14522,168,2023-07-31 17:59:19.000,2023-07-31 21:51:29.000,297,0.320000,542.000000,1.000000,0.000000
303475,14522,168,2023-07-31 22:00:00.000,2023-07-31 23:54:25.000,297,0.320000,240.000000,8.000000,12.450000
303497,14522,168,2023-07-31 23:54:25.000,2023-08-01 01:50:38.000,297,0.320000,280.000000,0.000000,2.583333
303544,14522,168,2023-08-01 01:50:38.000,2023-08-01 05:51:28.000,297,0.320000,571.000000,2.000000,4.350000
303559,14522,168,2023-08-01 06:00:00.000,2023-08-01 07:00:01.000,297,0.320000,125.000000,0.000000,5.716667
303569,14522,168,2023-08-01 07:00:01.000,2023-08-01 07:59:37.000,297,0.320000,142.000000,4.000000,3.000000
303585,14522,168,2023-08-01 07:59:37.000,2023-08-01 09:01:02.000,297,0.320000,158.000000,0.000000,0.000000
303597,14522,168,2023-08-01 09:01:02.000,2023-08-01 09:58:59.000,297,0.320000,141.000000,1.000000,0.000000
303610,14522,168,2023-08-01 09:58:59.000,2023-08-01 11:00:08.000,297,0.320000,147.000000,1.000000,3.050000
303621,14522,168,2023-08-01 11:00:08.000,2023-08-01 12:00:09.000,297,0.320000,154.000000,0.000000,2.000000
303637,14522,168,2023-08-01 12:00:09.000,2023-08-01 12:59:50.000,297,0.320000,145.000000,9.000000,0.000000
303659,14522,168,2023-08-01 12:59:50.000,2023-08-01 13:52:16.000,297,0.320000,122.000000,0.000000,2.366667
303708,14522,168,2023-08-01 14:00:00.000,2023-08-01 18:01:24.000,297,0.320000,557.000000,1.000000,6.600000
303732,14522,168,2023-08-01 18:01:24.000,2023-08-01 20:49:08.000,297,0.320000,394.000000,0.000000,0.000000
303789,14522,168,2023-08-01 22:00:00.000,2023-08-02 01:55:22.000,297,0.320000,564.000000,0.000000,5.583333
303832,14522,168,2023-08-02 01:55:22.000,2023-08-02 05:51:47.000,297,0.320000,564.000000,11.000000,4.483333
303846,14522,168,2023-08-02 06:00:00.000,2023-08-02 06:59:04.000,297,0.320000,119.000000,6.000000,7.850000
303858,14522,168,2023-08-02 06:59:04.000,2023-08-02 08:00:17.000,297,0.320000,134.000000,2.000000,6.433333
303871,14522,168,2023-08-02 08:00:17.000,2023-08-02 09:01:07.000,297,0.320000,157.000000,0.000000,0.000000
303881,14522,168,2023-08-02 09:01:07.000,2023-08-02 09:58:16.000,297,0.320000,110.000000,5.000000,6.183333
303902,14522,168,2023-08-02 09:58:16.000,2023-08-02 11:01:10.000,297,0.320000,140.000000,2.000000,2.550000
303917,14522,168,2023-08-02 11:01:10.000,2023-08-02 11:58:37.000,297,0.320000,129.000000,2.000000,0.000000
303934,14522,168,2023-08-02 11:58:37.000,2023-08-02 12:59:30.000,297,0.320000,140.000000,4.000000,0.000000
303959,14522,168,2023-08-02 12:59:30.000,2023-08-02 13:52:51.000,297,0.320000,120.000000,0.000000,0.000000
304008,14522,168,2023-08-02 14:00:00.000,2023-08-02 18:01:07.000,297,0.320000,444.000000,7.000000,1.550000
304028,14522,168,2023-08-02 18:01:07.000,2023-08-02 20:49:33.000,297,0.320000,387.000000,1.000000,4.366667
304083,14522,168,2023-08-02 22:00:00.000,2023-08-03 01:49:17.000,297,0.320000,499.000000,13.000000,9.116667
304100,14522,168,2023-08-03 01:49:17.000,2023-08-03 03:51:29.000,297,0.320000,255.000000,2.000000,9.000000
304116,14522,168,2023-08-03 03:51:29.000,2023-08-03 05:49:50.000,297,0.320000,261.000000,8.000000,3.300000
304132,14522,168,2023-08-03 06:00:00.000,2023-08-03 06:58:24.000,297,0.320000,107.000000,0.000000,9.916667
304152,14522,168,2023-08-03 06:58:24.000,2023-08-03 08:00:09.000,297,0.320000,142.000000,1.000000,0.000000
304166,14522,168,2023-08-03 08:00:09.000,2023-08-03 09:01:11.000,297,0.320000,126.000000,1.000000,4.950000
304180,14522,168,2023-08-03 09:01:11.000,2023-08-03 10:00:27.000,297,0.320000,137.000000,1.000000,0.000000
304193,14522,168,2023-08-03 10:00:27.000,2023-08-03 11:00:42.000,297,0.320000,132.000000,1.000000,4.250000
304204,14522,168,2023-08-03 11:00:42.000,2023-08-03 11:59:54.000,297,0.320000,132.000000,1.000000,3.233333
304218,14522,168,2023-08-03 11:59:54.000,2023-08-03 12:59:44.000,297,0.320000,119.000000,2.000000,3.833333
304237,14522,168,2023-08-03 12:59:44.000,2023-08-03 13:51:52.000,297,0.320000,118.000000,0.000000,0.000000
304370,14522,168,2023-08-03 22:00:00.000,2023-08-04 01:08:03.000,297,0.320000,468.000000,5.000000,7.066667
304399,14522,168,2023-08-04 01:08:03.000,2023-08-04 04:57:30.000,297,0.320000,585.000000,0.000000,7.466667
304406,14522,168,2023-08-04 04:57:30.000,2023-08-04 05:50:57.000,297,0.320000,128.000000,0.000000,4.333333
304428,14522,168,2023-08-04 06:00:00.000,2023-08-04 07:00:45.000,297,0.320000,129.000000,2.000000,11.166667
304445,14522,168,2023-08-04 07:00:45.000,2023-08-04 07:59:46.000,297,0.320000,149.000000,2.000000,0.000000
304456,14522,168,2023-08-04 07:59:46.000,2023-08-04 08:59:30.000,297,0.320000,155.000000,1.000000,0.000000
304466,14522,168,2023-08-04 08:59:30.000,2023-08-04 09:58:20.000,297,0.320000,152.000000,0.000000,0.000000
304481,14522,168,2023-08-04 09:58:20.000,2023-08-04 10:58:50.000,297,0.320000,145.000000,2.000000,2.466667
304494,14522,168,2023-08-04 10:58:50.000,2023-08-04 12:00:24.000,297,0.320000,157.000000,2.000000,0.000000
304507,14522,168,2023-08-04 12:00:24.000,2023-08-04 12:59:13.000,297,0.320000,141.000000,0.000000,0.000000
304528,14522,168,2023-08-04 12:59:13.000,2023-08-04 13:53:17.000,297,0.320000,131.000000,0.000000,0.000000
304637,14522,168,2023-08-04 22:00:00.000,2023-08-05 01:53:40.000,297,0.320000,586.000000,3.000000,11.450000
304655,14522,168,2023-08-05 01:53:40.000,2023-08-05 03:49:53.000,297,0.320000,306.000000,0.000000,2.000000
304802,14559,168,2023-08-22 06:00:00.000,2023-08-22 13:53:39.000,332,0.380000,227.000000,0.000000,0.000000
304830,14559,168,2023-08-22 14:00:00.000,2023-08-22 17:03:14.000,332,0.380000,392.000000,0.000000,3.716667
304853,14559,168,2023-08-22 17:03:14.000,2023-08-22 19:32:42.000,332,0.380000,0.000000,0.000000,149.455825
304877,14559,168,2023-08-22 19:32:42.000,2023-08-22 21:50:35.000,332,0.380000,298.000000,0.000000,0.000000
304902,14559,168,2023-08-22 22:00:00.000,2023-08-22 23:55:35.000,332,0.380000,233.000000,0.000000,8.533333
304919,14559,168,2023-08-22 23:55:35.000,2023-08-23 01:51:53.000,332,0.380000,255.000000,0.000000,2.000000
304962,14559,168,2023-08-23 01:51:53.000,2023-08-23 05:55:04.000,332,0.380000,546.000000,0.000000,8.216667
304972,14559,168,2023-08-23 06:00:00.000,2023-08-23 07:02:32.000,332,0.380000,123.000000,0.000000,8.633333
304985,14559,168,2023-08-23 07:02:32.000,2023-08-23 07:59:36.000,332,0.380000,127.000000,0.000000,0.000000
304996,14559,168,2023-08-23 07:59:36.000,2023-08-23 09:00:22.000,332,0.380000,140.000000,0.000000,0.000000
305010,14559,168,2023-08-23 09:00:22.000,2023-08-23 10:00:54.000,332,0.380000,144.000000,0.000000,0.000000
305018,14559,168,2023-08-23 10:00:54.000,2023-08-23 11:00:30.000,332,0.380000,136.000000,1.000000,2.850000
305032,14559,168,2023-08-23 11:00:30.000,2023-08-23 11:58:59.000,332,0.380000,117.000000,0.000000,4.783333
305045,14559,168,2023-08-23 11:58:59.000,2023-08-23 12:59:45.000,332,0.380000,138.000000,0.000000,0.000000
305063,14559,168,2023-08-23 12:59:45.000,2023-08-23 13:52:29.000,332,0.380000,121.000000,0.000000,0.000000
305096,14559,168,2023-08-23 14:00:00.000,2023-08-23 16:30:36.000,332,0.380000,343.000000,0.000000,0.000000
305117,14559,168,2023-08-23 16:30:36.000,2023-08-23 18:41:45.000,332,0.380000,0.000000,0.000000,131.138507
305167,14559,168,2023-08-23 22:00:00.000,2023-08-23 23:54:27.000,332,0.380000,253.000000,3.000000,0.000000
305183,14559,168,2023-08-23 23:54:27.000,2023-08-24 01:53:00.000,332,0.380000,284.000000,0.000000,2.000000
305202,14559,168,2023-08-24 01:53:00.000,2023-08-24 03:54:31.000,332,0.380000,289.000000,0.000000,2.016667
305233,14559,168,2023-08-24 03:54:31.000,2023-08-24 05:54:16.000,332,0.380000,280.000000,0.000000,0.000000
305240,14559,168,2023-08-24 06:00:00.000,2023-08-24 06:59:33.000,332,0.380000,101.000000,0.000000,14.766667
305255,14559,168,2023-08-24 06:59:33.000,2023-08-24 08:00:12.000,332,0.380000,142.000000,1.000000,0.000000
305270,14559,168,2023-08-24 08:00:12.000,2023-08-24 09:00:54.000,332,0.380000,144.000000,0.000000,0.000000
305284,14559,168,2023-08-24 09:00:54.000,2023-08-24 09:59:00.000,332,0.380000,137.000000,0.000000,2.100000
305383,14559,168,2023-08-24 14:00:00.000,2023-08-24 17:39:15.000,332,0.380000,506.000000,2.000000,6.500000
305395,14559,168,2023-08-24 17:39:15.000,2023-08-24 18:38:56.000,332,0.380000,0.000000,0.000000,0.000000
305399,14559,168,2023-08-24 18:38:56.000,2023-08-24 18:58:22.000,332,0.380000,0.000000,0.000000,0.000000
305426,14559,168,2023-08-24 18:58:22.000,2023-08-24 21:24:29.000,332,0.380000,0.000000,0.000000,146.109718
305455,14559,168,2023-08-24 22:00:00.000,2023-08-24 23:56:16.000,332,0.380000,271.000000,0.000000,3.500000
305472,14559,168,2023-08-24 23:56:16.000,2023-08-25 01:53:09.000,332,0.380000,284.000000,0.000000,2.000000
305492,14559,168,2023-08-25 01:53:09.000,2023-08-25 03:56:28.000,332,0.380000,286.000000,0.000000,6.216667
305518,14559,168,2023-08-25 03:56:28.000,2023-08-25 05:54:07.000,332,0.380000,270.000000,0.000000,4.100000
305526,14559,168,2023-08-25 06:00:00.000,2023-08-25 06:59:45.000,332,0.380000,119.000000,0.000000,8.566667
305537,14559,168,2023-08-25 06:59:45.000,2023-08-25 08:01:11.000,332,0.380000,143.000000,0.000000,0.000000
305548,14559,168,2023-08-25 08:01:11.000,2023-08-25 09:00:36.000,332,0.380000,134.000000,0.000000,0.000000
305558,14559,168,2023-08-25 09:00:36.000,2023-08-25 09:59:13.000,332,0.380000,134.000000,0.000000,2.416667
305570,14559,168,2023-08-25 09:59:13.000,2023-08-25 11:00:17.000,332,0.380000,142.000000,1.000000,2.783333
305659,14559,168,2023-08-25 14:00:00.000,2023-08-25 18:00:48.000,332,0.380000,494.000000,0.000000,0.000000
305669,14559,168,2023-08-25 18:00:48.000,2023-08-25 18:09:22.000,332,0.380000,2.000000,0.000000,0.000000
305692,14559,168,2023-08-25 18:09:22.000,2023-08-25 20:29:10.000,332,0.380000,0.000000,0.000000,139.798433
305749,14559,168,2023-08-25 22:00:00.000,2023-08-26 01:57:43.000,332,0.380000,546.000000,0.000000,0.000000
305781,14559,168,2023-08-26 01:57:43.000,2023-08-26 05:51:46.000,332,0.380000,551.000000,1.000000,0.000000
305798,14559,168,2023-08-26 06:00:00.000,2023-08-26 07:10:06.000,332,0.380000,143.000000,0.000000,10.283333
305806,14559,168,2023-08-26 07:10:06.000,2023-08-26 08:21:46.000,332,0.380000,0.000000,0.000000,71.657145
305820,14559,168,2023-08-26 08:21:46.000,2023-08-26 09:59:30.000,332,0.380000,181.000000,0.000000,0.000000
305854,14559,168,2023-08-26 09:59:30.000,2023-08-26 13:53:17.000,332,0.380000,470.000000,0.000000,39.016667
305876,14559,168,2023-08-26 22:00:00.000,2023-08-27 00:04:18.000,332,0.380000,274.000000,0.000000,7.300000
305881,14559,168,2023-08-27 00:04:18.000,2023-08-27 01:54:10.000,332,0.380000,254.000000,0.000000,2.133333
305891,14559,168,2023-08-27 01:54:10.000,2023-08-27 04:00:27.000,332,0.380000,299.000000,0.000000,4.000000
305899,14559,168,2023-08-27 04:00:27.000,2023-08-27 05:45:17.000,332,0.380000,244.000000,0.000000,0.000000
305907,14601,168,2023-08-28 06:00:00.000,2023-08-28 06:41:25.000,332,0.380000,14.000000,0.000000,33.433333
305909,14601,168,2023-08-28 06:41:25.000,2023-08-28 06:49:29.000,332,0.380000,0.000000,0.000000,8.054116
305943,14601,168,2023-08-28 06:49:29.000,2023-08-28 10:21:34.000,332,0.380000,349.000000,0.000000,0.000000
305977,14601,168,2023-08-28 10:21:34.000,2023-08-28 13:54:13.000,332,0.380000,100.000000,0.000000,0.000000
306054,14601,168,2023-08-28 22:00:00.000,2023-08-28 22:59:17.000,332,0.380000,119.000000,0.000000,7.466667
306066,14601,168,2023-08-28 22:59:17.000,2023-08-28 23:59:16.000,332,0.380000,141.000000,0.000000,0.000000
306081,14601,168,2023-08-28 23:59:16.000,2023-08-29 00:59:51.000,332,0.380000,139.000000,0.000000,0.000000
306095,14601,168,2023-08-29 00:59:51.000,2023-08-29 01:59:02.000,332,0.380000,132.000000,2.000000,4.000000
306110,14601,168,2023-08-29 01:59:02.000,2023-08-29 03:00:33.000,332,0.380000,142.000000,0.000000,0.000000
306121,14601,168,2023-08-29 03:00:33.000,2023-08-29 04:04:46.000,332,0.380000,138.000000,0.000000,4.516667
306129,14601,168,2023-08-29 04:04:46.000,2023-08-29 05:00:29.000,332,0.380000,127.000000,0.000000,0.000000
306148,14601,168,2023-08-29 05:00:29.000,2023-08-29 05:54:03.000,332,0.380000,122.000000,0.000000,0.000000
306166,14601,168,2023-08-29 06:00:00.000,2023-08-29 07:09:12.000,332,0.380000,146.000000,0.000000,0.000000
306262,14615,168,2023-08-29 07:09:12.000,2023-08-29 13:53:55.000,370,0.350000,631.000000,6.000000,8.533334
306336,14615,168,2023-08-29 22:00:00.000,2023-08-29 22:58:47.000,370,0.350000,126.000000,3.000000,6.133333
306348,14615,168,2023-08-29 22:58:47.000,2023-08-29 23:59:17.000,370,0.350000,151.000000,6.000000,0.000000
306357,14615,168,2023-08-29 23:59:17.000,2023-08-30 00:59:15.000,370,0.350000,156.000000,5.000000,0.000000
306366,14615,168,2023-08-30 00:59:15.000,2023-08-30 01:59:29.000,370,0.350000,120.000000,9.000000,9.283333
306372,14615,168,2023-08-30 01:59:29.000,2023-08-30 02:58:41.000,370,0.350000,147.000000,5.000000,0.000000
306385,14615,168,2023-08-30 02:58:41.000,2023-08-30 03:59:35.000,370,0.350000,148.000000,7.000000,0.000000
306394,14615,168,2023-08-30 03:59:35.000,2023-08-30 04:59:22.000,370,0.350000,146.000000,10.000000,0.000000
306415,14615,168,2023-08-30 04:59:22.000,2023-08-30 05:52:12.000,370,0.350000,127.000000,3.000000,0.000000
306457,14615,168,2023-08-30 06:00:00.000,2023-08-30 10:00:12.000,370,0.350000,589.000000,8.000000,8.133333
306503,14615,168,2023-08-30 10:00:12.000,2023-08-30 13:51:10.000,370,0.350000,529.000000,14.000000,12.333333
306699,14615,168,2023-08-31 06:00:00.000,2023-08-31 09:44:49.000,370,0.350000,568.000000,8.000000,2.000000
306762,14615,168,2023-08-31 10:00:56.000,2023-08-31 14:00:00.000,370,0.350000,0.000000,0.000000,239.066667
307308,14641,168,2023-09-02 14:00:00.000,2023-09-02 18:03:42.000,401,0.400000,484.000000,23.000000,12.799999
307321,14641,168,2023-09-02 18:03:42.000,2023-09-02 21:44:54.000,401,0.400000,320.000000,0.000000,68.050000
307366,14653,168,2023-09-04 06:00:00.000,2023-09-04 09:50:45.000,401,0.400000,83.000000,47.000000,18.133333
307388,14653,168,2023-09-04 09:50:45.000,2023-09-04 11:44:46.000,401,0.400000,121.000000,4.000000,0.000000
307408,14653,168,2023-09-04 11:44:46.000,2023-09-04 13:49:44.000,401,0.400000,67.000000,10.000000,12.733333
307432,14653,168,2023-09-04 14:00:00.000,2023-09-04 14:59:53.000,401,0.400000,87.000000,7.000000,9.816666
307442,14653,168,2023-09-04 14:59:53.000,2023-09-04 15:29:09.000,401,0.400000,30.000000,6.000000,9.300000
307500,14653,168,2023-09-04 15:29:09.000,2023-09-04 20:09:28.000,401,0.400000,176.000000,8.000000,0.000000
307505,14653,168,2023-09-04 20:09:28.000,2023-09-04 20:58:23.000,401,0.400000,84.000000,13.000000,0.000000
307526,14653,168,2023-09-04 20:58:23.000,2023-09-04 21:51:31.000,401,0.400000,110.000000,0.000000,0.000000
307565,14653,168,2023-09-04 22:00:00.000,2023-09-05 00:58:13.000,401,0.400000,349.000000,0.000000,9.133333
307581,14653,168,2023-09-05 00:58:13.000,2023-09-05 02:07:58.000,401,0.400000,0.000000,0.000000,69.743665
307625,14653,168,2023-09-05 02:07:58.000,2023-09-05 05:51:19.000,401,0.400000,461.000000,1.000000,1.600000
307648,14653,168,2023-09-05 06:00:00.000,2023-09-05 07:55:25.000,401,0.400000,206.000000,3.000000,13.350000
307664,14653,168,2023-09-05 07:55:25.000,2023-09-05 09:53:20.000,401,0.400000,238.000000,0.000000,3.150000
291180,14000,169,2023-06-01 01:58:08.000,2023-06-01 04:00:02.000,443,0.300000,401.000000,0.000000,0.000000
291200,14003,169,2023-06-01 04:00:02.000,2023-06-01 05:47:18.000,332,0.380000,117.000000,0.000000,51.150000
291253,14020,169,2023-06-06 06:00:00.000,2023-06-06 09:59:03.000,332,0.380000,615.000000,2.000000,0.000000
291305,14020,169,2023-06-06 09:59:03.000,2023-06-06 13:51:23.000,332,0.380000,617.000000,3.000000,3.000000
291341,14020,169,2023-06-06 14:00:00.000,2023-06-06 17:57:23.000,332,0.380000,596.000000,3.000000,7.500000
291372,14020,169,2023-06-06 17:57:23.000,2023-06-06 21:51:20.000,332,0.380000,622.000000,0.000000,2.316667
291397,14020,169,2023-06-06 22:00:00.000,2023-06-07 00:01:11.000,332,0.380000,313.000000,1.000000,3.683333
291414,14020,169,2023-06-07 00:01:11.000,2023-06-07 01:02:11.000,332,0.380000,153.000000,1.000000,2.900000
291439,14020,169,2023-06-07 01:02:11.000,2023-06-07 03:01:20.000,332,0.380000,319.000000,0.000000,0.000000
291452,14020,169,2023-06-07 03:01:20.000,2023-06-07 04:02:05.000,332,0.380000,158.000000,0.000000,2.000000
291463,14020,169,2023-06-07 04:02:05.000,2023-06-07 05:01:48.000,332,0.380000,160.000000,0.000000,0.000000
291479,14020,169,2023-06-07 05:01:48.000,2023-06-07 05:52:27.000,332,0.380000,131.000000,0.000000,0.000000
291507,14020,169,2023-06-07 06:00:00.000,2023-06-07 08:37:01.000,332,0.380000,412.000000,4.000000,1.600000
291897,14020,169,2023-06-08 14:28:03.000,2023-06-08 17:57:30.000,332,0.380000,353.000000,7.000000,44.550000
291930,14020,169,2023-06-08 17:57:30.000,2023-06-08 21:49:53.000,332,0.380000,618.000000,0.000000,0.000000
291949,14020,169,2023-06-08 22:00:00.000,2023-06-08 22:58:22.000,332,0.380000,143.000000,0.000000,3.550000
291977,14020,169,2023-06-08 22:58:22.000,2023-06-09 00:59:23.000,332,0.380000,314.000000,0.000000,2.266667
291989,14020,169,2023-06-09 00:59:23.000,2023-06-09 02:00:54.000,332,0.380000,167.000000,0.000000,0.000000
291998,14020,169,2023-06-09 02:00:54.000,2023-06-09 02:58:21.000,332,0.380000,142.000000,0.000000,3.633333
292029,14020,169,2023-06-09 02:58:21.000,2023-06-09 05:01:53.000,332,0.380000,313.000000,0.000000,0.000000
292052,14020,169,2023-06-09 05:01:53.000,2023-06-09 05:56:46.000,332,0.380000,131.000000,0.000000,7.783333
292060,14020,169,2023-06-09 06:00:00.000,2023-06-09 07:02:18.000,332,0.380000,147.000000,0.000000,0.000000
292159,14020,169,2023-06-09 07:02:18.000,2023-06-09 13:50:42.000,332,0.380000,0.000000,0.000000,408.387949
292196,14020,169,2023-06-09 14:00:00.000,2023-06-09 17:58:08.000,332,0.380000,613.000000,0.000000,2.266667
292221,14020,169,2023-06-09 17:58:08.000,2023-06-09 21:36:17.000,332,0.380000,584.000000,0.000000,0.000000
291601,14032,169,2023-06-07 14:00:00.000,2023-06-07 17:57:47.000,189,0.350000,213.000000,0.000000,0.000000
291637,14032,169,2023-06-07 17:57:47.000,2023-06-07 21:49:49.000,189,0.350000,710.000000,2.000000,0.000000
291667,14032,169,2023-06-07 22:00:00.000,2023-06-08 00:02:45.000,189,0.350000,361.000000,0.000000,0.000000
291692,14032,169,2023-06-08 00:02:45.000,2023-06-08 01:58:32.000,189,0.350000,358.000000,0.000000,0.000000
291728,14032,169,2023-06-08 01:58:32.000,2023-06-08 04:00:22.000,189,0.350000,357.000000,0.000000,0.000000
291754,14032,169,2023-06-08 04:00:22.000,2023-06-08 05:54:10.000,189,0.350000,344.000000,0.000000,0.000000
291838,14032,169,2023-06-08 06:00:00.000,2023-06-08 12:35:52.000,189,0.350000,952.000000,0.000000,7.650000
291843,14032,169,2023-06-08 12:35:52.000,2023-06-08 12:59:49.000,189,0.350000,0.000000,0.000000,23.946546
291863,14032,169,2023-06-08 12:59:49.000,2023-06-08 13:50:52.000,189,0.350000,161.000000,0.000000,0.000000
291872,14032,169,2023-06-08 14:00:00.000,2023-06-08 14:28:03.000,189,0.350000,77.000000,0.000000,3.816667
292552,14069,169,2023-06-12 06:00:00.000,2023-06-12 13:50:28.000,332,0.380000,486.000000,0.000000,0.000000
292586,14069,169,2023-06-12 14:00:00.000,2023-06-12 16:58:30.000,332,0.380000,455.000000,0.000000,8.150000
292624,14069,169,2023-06-12 16:58:30.000,2023-06-12 20:00:23.000,332,0.380000,477.000000,0.000000,2.550000
292655,14069,169,2023-06-12 20:00:23.000,2023-06-12 21:53:17.000,332,0.380000,292.000000,4.000000,3.033333
292712,14069,169,2023-06-12 22:00:00.000,2023-06-13 01:59:13.000,332,0.380000,619.000000,1.000000,0.000000
292766,14069,169,2023-06-13 01:59:13.000,2023-06-13 05:52:38.000,332,0.380000,608.000000,0.000000,0.000000
292805,14069,169,2023-06-13 06:00:00.000,2023-06-13 09:57:47.000,332,0.380000,617.000000,0.000000,4.383333
292848,14069,169,2023-06-13 09:57:47.000,2023-06-13 13:51:44.000,332,0.380000,610.000000,0.000000,4.000000
292896,14069,169,2023-06-13 14:00:00.000,2023-06-13 17:56:50.000,332,0.380000,593.000000,0.000000,13.000000
292949,14069,169,2023-06-13 17:56:50.000,2023-06-13 21:02:05.000,332,0.380000,482.000000,0.000000,3.800000
292965,14069,169,2023-06-13 21:02:05.000,2023-06-13 21:52:28.000,332,0.380000,127.000000,0.000000,0.000000
293017,14069,169,2023-06-13 22:00:00.000,2023-06-14 02:01:12.000,332,0.380000,624.000000,3.000000,0.000000
293071,14069,169,2023-06-14 02:01:12.000,2023-06-14 05:51:06.000,332,0.380000,599.000000,0.000000,0.000000
293108,14069,169,2023-06-14 06:00:00.000,2023-06-14 09:59:23.000,332,0.380000,604.000000,0.000000,3.233333
293149,14069,169,2023-06-14 09:59:23.000,2023-06-14 13:50:26.000,332,0.380000,602.000000,2.000000,2.416667
293165,14069,169,2023-06-14 14:00:00.000,2023-06-14 14:58:50.000,332,0.380000,149.000000,0.000000,3.616667
293176,14069,169,2023-06-14 14:58:50.000,2023-06-14 15:58:48.000,332,0.380000,157.000000,0.000000,1.750000
293191,14069,169,2023-06-14 15:58:48.000,2023-06-14 16:59:05.000,332,0.380000,160.000000,0.000000,0.000000
293203,14069,169,2023-06-14 16:59:05.000,2023-06-14 17:58:22.000,332,0.380000,152.000000,0.000000,2.816667
293219,14069,169,2023-06-14 17:58:22.000,2023-06-14 18:59:51.000,332,0.380000,163.000000,0.000000,0.000000
293233,14069,169,2023-06-14 18:59:51.000,2023-06-14 20:00:19.000,332,0.380000,152.000000,3.000000,3.800000
293249,14069,169,2023-06-14 20:00:19.000,2023-06-14 21:02:00.000,332,0.380000,158.000000,0.000000,0.000000
293263,14069,169,2023-06-14 21:02:00.000,2023-06-14 21:51:06.000,332,0.380000,114.000000,0.000000,0.000000
293323,14069,169,2023-06-14 22:00:00.000,2023-06-15 02:02:06.000,332,0.380000,604.000000,0.000000,16.833333
293367,14069,169,2023-06-15 02:02:06.000,2023-06-15 05:50:26.000,332,0.380000,600.000000,0.000000,4.300000
293411,14069,169,2023-06-15 06:00:00.000,2023-06-15 09:58:13.000,332,0.380000,599.000000,3.000000,12.466667
293458,14069,169,2023-06-15 09:58:13.000,2023-06-15 13:51:50.000,332,0.380000,619.000000,0.000000,0.000000
293475,14069,169,2023-06-15 14:00:00.000,2023-06-15 14:58:50.000,332,0.380000,135.000000,0.000000,7.216667
293494,14069,169,2023-06-15 14:58:50.000,2023-06-15 16:00:50.000,332,0.380000,169.000000,0.000000,0.000000
293499,14069,169,2023-06-15 16:00:50.000,2023-06-15 16:25:18.000,332,0.380000,45.000000,0.000000,8.300000
293551,14106,169,2023-06-15 16:25:18.000,2023-06-15 20:26:07.000,227,0.350000,47.000000,0.000000,0.000000
293553,14106,169,2023-06-15 20:26:07.000,2023-06-15 20:50:51.000,227,0.350000,0.000000,0.000000,24.716781
293577,14106,169,2023-06-15 20:50:51.000,2023-06-15 21:49:48.000,227,0.350000,160.000000,2.000000,2.433333
293630,14106,169,2023-06-15 22:00:00.000,2023-06-16 01:58:14.000,227,0.350000,661.000000,5.000000,2.500000
293681,14106,169,2023-06-16 01:58:14.000,2023-06-16 05:51:22.000,227,0.350000,660.000000,0.000000,2.350000
293716,14106,169,2023-06-16 06:00:00.000,2023-06-16 09:57:43.000,227,0.350000,653.000000,6.000000,0.000000
293757,14106,169,2023-06-16 09:57:43.000,2023-06-16 13:52:18.000,227,0.350000,670.000000,0.000000,0.000000
293807,14106,169,2023-06-16 14:00:00.000,2023-06-16 17:07:18.000,227,0.350000,440.000000,0.000000,11.450000
293838,14106,169,2023-06-16 17:07:18.000,2023-06-16 19:26:52.000,227,0.350000,172.000000,4.000000,0.000000
293863,14114,169,2023-06-16 19:26:52.000,2023-06-16 21:06:07.000,332,0.380000,105.000000,0.000000,55.200000
293873,14114,169,2023-06-16 21:06:07.000,2023-06-16 21:51:43.000,332,0.380000,115.000000,0.000000,0.000000
293886,14114,169,2023-06-16 22:00:00.000,2023-06-16 22:54:35.000,332,0.380000,124.000000,0.000000,0.000000
293892,14114,169,2023-06-16 22:54:35.000,2023-06-16 23:12:19.000,332,0.380000,0.000000,0.000000,17.723013
293921,14114,169,2023-06-16 23:12:19.000,2023-06-17 01:58:27.000,332,0.380000,438.000000,0.000000,0.000000
293966,14114,169,2023-06-17 01:58:27.000,2023-06-17 05:50:17.000,332,0.380000,617.000000,0.000000,0.000000
293994,14114,169,2023-06-17 06:00:00.000,2023-06-17 09:58:46.000,332,0.380000,622.000000,0.000000,3.366667
294004,14114,169,2023-06-17 09:58:46.000,2023-06-17 11:54:07.000,332,0.380000,294.000000,0.000000,4.716667
294009,14114,169,2023-06-17 11:54:07.000,2023-06-17 12:15:52.000,332,0.380000,0.000000,0.000000,21.745832
294010,14114,169,2023-06-17 12:15:52.000,2023-06-17 12:46:17.000,332,0.380000,78.000000,0.000000,0.000000
294101,14125,169,2023-06-19 06:00:00.000,2023-06-19 06:59:52.000,332,0.380000,101.000000,2.000000,20.033333
294149,14125,169,2023-06-19 06:59:52.000,2023-06-19 11:00:08.000,332,0.380000,468.000000,0.000000,0.000000
294162,14125,169,2023-06-19 11:00:08.000,2023-06-19 12:02:56.000,332,0.380000,144.000000,0.000000,6.450000
294170,14125,169,2023-06-19 12:02:56.000,2023-06-19 12:56:03.000,332,0.380000,141.000000,0.000000,0.000000
294208,14125,169,2023-06-19 12:56:03.000,2023-06-19 14:00:00.000,332,0.380000,0.000000,0.000000,63.950000
294209,14125,169,2023-06-19 14:00:00.000,2023-06-19 15:02:59.000,332,0.380000,0.000000,0.000000,62.976061
294376,14125,169,2023-06-20 06:00:00.000,2023-06-20 07:45:23.000,332,0.380000,367.000000,0.000000,10.250000
294427,14157,169,2023-06-20 07:45:23.000,2023-06-20 12:00:16.000,322,0.310000,404.000000,0.000000,54.850000
294437,14157,169,2023-06-20 12:00:16.000,2023-06-20 13:00:06.000,322,0.310000,177.000000,0.000000,0.000000
294457,14157,169,2023-06-20 13:00:06.000,2023-06-20 13:53:22.000,322,0.310000,158.000000,0.000000,0.000000
294503,14157,169,2023-06-20 14:00:00.000,2023-06-20 17:59:01.000,322,0.310000,697.000000,3.000000,9.583333
294555,14157,169,2023-06-20 17:59:01.000,2023-06-20 21:51:01.000,322,0.310000,689.000000,4.000000,0.000000
294590,14157,169,2023-06-20 22:00:00.000,2023-06-21 01:58:07.000,322,0.310000,716.000000,7.000000,4.000000
294602,14157,169,2023-06-21 01:58:07.000,2023-06-21 02:19:55.000,322,0.310000,50.000000,0.000000,7.150000
294604,14157,169,2023-06-21 02:19:55.000,2023-06-21 02:34:00.000,322,0.310000,0.000000,0.000000,14.082614
294634,14157,169,2023-06-21 02:34:00.000,2023-06-21 05:52:34.000,322,0.310000,580.000000,3.000000,1.716667
294644,14157,169,2023-06-21 06:00:00.000,2023-06-21 06:57:49.000,322,0.310000,133.000000,0.000000,10.016667
294670,14157,169,2023-06-21 06:57:49.000,2023-06-21 08:03:29.000,322,0.310000,191.000000,3.000000,2.133333
294681,14157,169,2023-06-21 08:03:29.000,2023-06-21 08:57:56.000,322,0.310000,159.000000,2.000000,0.000000
294718,14157,169,2023-06-21 08:57:56.000,2023-06-21 11:00:22.000,322,0.310000,346.000000,6.000000,5.183333
294767,14157,169,2023-06-21 11:00:22.000,2023-06-21 13:51:50.000,322,0.310000,507.000000,0.000000,0.000000
294789,14157,169,2023-06-21 14:00:00.000,2023-06-21 15:34:09.000,322,0.310000,260.000000,0.000000,7.466667
294790,14157,169,2023-06-21 15:34:09.000,2023-06-21 15:38:14.000,322,0.310000,0.000000,0.000000,4.073272
294871,14157,169,2023-06-21 15:38:14.000,2023-06-21 21:58:39.000,322,0.310000,0.000000,0.000000,380.414344
294872,14157,169,2023-06-21 22:00:00.000,2023-06-21 22:10:48.000,322,0.310000,0.000000,0.000000,0.000000
294873,14157,169,2023-06-21 22:10:48.000,2023-06-21 22:20:19.000,322,0.310000,0.000000,0.000000,9.509881
294898,14157,169,2023-06-21 22:20:19.000,2023-06-22 01:57:24.000,322,0.310000,651.000000,7.000000,3.166667
294941,14157,169,2023-06-22 01:57:24.000,2023-06-22 05:52:40.000,322,0.310000,703.000000,0.000000,4.000000
294957,14157,169,2023-06-22 06:00:00.000,2023-06-22 07:01:21.000,322,0.310000,161.000000,3.000000,7.083333
294976,14157,169,2023-06-22 07:01:21.000,2023-06-22 08:02:11.000,322,0.310000,167.000000,9.000000,0.000000
294994,14157,169,2023-06-22 08:02:11.000,2023-06-22 09:05:35.000,322,0.310000,178.000000,4.000000,2.133333
295006,14157,169,2023-06-22 09:05:35.000,2023-06-22 10:13:22.000,322,0.310000,194.000000,3.000000,0.000000
295024,14182,169,2023-06-22 10:13:22.000,2023-06-22 11:16:37.000,370,0.350000,38.000000,0.000000,43.616666
295031,14182,169,2023-06-22 11:16:37.000,2023-06-22 11:35:12.000,370,0.350000,0.000000,0.000000,18.581976
295061,14182,169,2023-06-22 11:35:12.000,2023-06-22 13:05:50.000,370,0.350000,190.000000,0.000000,0.000000
295105,14182,169,2023-06-22 14:00:00.000,2023-06-22 18:03:41.000,370,0.350000,572.000000,5.000000,0.000000
295148,14182,169,2023-06-22 18:03:41.000,2023-06-22 21:50:41.000,370,0.350000,534.000000,0.000000,0.000000
295188,14182,169,2023-06-22 22:00:00.000,2023-06-23 01:58:10.000,370,0.350000,619.000000,2.000000,10.083334
295195,14182,169,2023-06-23 01:58:10.000,2023-06-23 02:34:39.000,370,0.350000,77.000000,0.000000,0.000000
295196,14182,169,2023-06-23 02:34:39.000,2023-06-23 02:48:20.000,370,0.350000,0.000000,0.000000,13.676280
295224,14182,169,2023-06-23 02:48:20.000,2023-06-23 05:52:31.000,370,0.350000,486.000000,3.000000,4.333333
295245,14182,169,2023-06-23 06:00:00.000,2023-06-23 07:01:58.000,370,0.350000,132.000000,0.000000,13.150000
295260,14182,169,2023-06-23 07:01:58.000,2023-06-23 08:01:40.000,370,0.350000,139.000000,3.000000,2.050000
295280,14182,169,2023-06-23 08:01:40.000,2023-06-23 09:59:25.000,370,0.350000,297.000000,0.000000,2.666667
295291,14182,169,2023-06-23 09:59:25.000,2023-06-23 11:01:35.000,370,0.350000,130.000000,0.000000,13.000000
295306,14182,169,2023-06-23 11:01:35.000,2023-06-23 12:00:56.000,370,0.350000,148.000000,0.000000,2.800000
295322,14182,169,2023-06-23 12:00:56.000,2023-06-23 13:00:45.000,370,0.350000,112.000000,7.000000,2.300000
295337,14182,169,2023-06-23 13:00:45.000,2023-06-23 13:51:42.000,370,0.350000,130.000000,0.000000,0.000000
295385,14182,169,2023-06-23 14:00:00.000,2023-06-23 18:02:04.000,370,0.350000,613.000000,6.000000,16.850000
295428,14182,169,2023-06-23 18:02:04.000,2023-06-23 21:52:28.000,370,0.350000,565.000000,2.000000,16.083333
295459,14182,169,2023-06-23 22:00:00.000,2023-06-24 01:44:07.000,370,0.350000,567.000000,6.000000,10.516667
295469,14182,169,2023-06-24 01:44:07.000,2023-06-24 02:24:54.000,370,0.350000,0.000000,0.000000,40.783040
295495,14182,169,2023-06-24 02:24:54.000,2023-06-24 05:51:41.000,370,0.350000,551.000000,0.000000,0.000000
295530,14182,169,2023-06-24 06:00:00.000,2023-06-24 08:24:17.000,370,0.350000,111.000000,0.000000,0.000000
295586,14198,169,2023-06-24 08:24:17.000,2023-06-24 13:26:11.000,302,0.180000,1022.000000,0.000000,46.416666
295600,14198,169,2023-06-24 13:26:11.000,2023-06-24 13:56:31.000,302,0.180000,0.000000,0.000000,30.317122
295611,14198,169,2023-06-24 14:00:00.000,2023-06-24 16:33:30.000,302,0.180000,530.000000,0.000000,0.000000
295612,14198,169,2023-06-24 16:33:30.000,2023-06-24 16:46:10.000,302,0.180000,0.000000,0.000000,12.657414
295624,14198,169,2023-06-24 16:46:10.000,2023-06-24 21:35:53.000,302,0.180000,1128.000000,9.000000,0.000000
295657,14216,169,2023-06-26 06:00:00.000,2023-06-26 08:37:18.000,302,0.180000,538.000000,0.000000,51.050000
295670,14216,169,2023-06-26 08:37:18.000,2023-06-26 09:11:14.000,302,0.180000,0.000000,0.000000,33.922120
295727,14216,169,2023-06-26 09:11:14.000,2023-06-26 13:49:45.000,302,0.180000,1376.000000,0.000000,28.550000
295753,14216,169,2023-06-26 14:00:00.000,2023-06-26 15:22:06.000,302,0.180000,342.000000,3.000000,7.000000
296097,14234,169,2023-06-27 14:00:00.000,2023-06-27 17:57:10.000,297,0.320000,644.000000,7.000000,4.133333
296139,14234,169,2023-06-27 17:57:10.000,2023-06-27 21:51:04.000,297,0.320000,563.000000,39.000000,21.983334
296226,14234,169,2023-06-27 22:00:00.000,2023-06-28 04:57:26.000,297,0.320000,631.000000,26.000000,8.900000
296240,14234,169,2023-06-28 04:57:26.000,2023-06-28 05:39:02.000,297,0.320000,88.000000,17.000000,2.883333
296308,14234,169,2023-06-28 06:00:00.000,2023-06-28 10:02:58.000,297,0.320000,406.000000,12.000000,4.650000
296377,14234,169,2023-06-28 10:02:58.000,2023-06-28 13:52:12.000,297,0.320000,560.000000,20.000000,14.766666
296405,14234,169,2023-06-28 14:00:00.000,2023-06-28 17:58:13.000,297,0.320000,608.000000,31.000000,10.650000
296448,14234,169,2023-06-28 17:58:13.000,2023-06-28 21:52:06.000,297,0.320000,533.000000,51.000000,9.233333
296634,14234,169,2023-06-29 06:00:00.000,2023-06-29 10:01:00.000,297,0.320000,363.000000,20.000000,45.100000
296666,14234,169,2023-06-29 10:01:00.000,2023-06-29 12:15:05.000,297,0.320000,308.000000,24.000000,17.616666
296667,14234,169,2023-06-29 12:15:05.000,2023-06-29 12:22:06.000,297,0.320000,0.000000,0.000000,7.012355
296694,14234,169,2023-06-29 12:22:06.000,2023-06-29 13:50:20.000,297,0.320000,170.000000,25.000000,17.183333
296715,14234,169,2023-06-29 14:00:00.000,2023-06-29 15:28:01.000,297,0.320000,117.000000,11.000000,20.200000
296717,14234,169,2023-06-29 15:28:01.000,2023-06-29 15:44:54.000,297,0.320000,0.000000,0.000000,16.868118
296747,14234,169,2023-06-29 15:44:54.000,2023-06-29 18:00:31.000,297,0.320000,314.000000,20.000000,12.933334
296759,14234,169,2023-06-29 18:00:31.000,2023-06-29 19:07:19.000,297,0.320000,150.000000,17.000000,5.300000
296761,14234,169,2023-06-29 19:07:19.000,2023-06-29 19:20:36.000,297,0.320000,0.000000,0.000000,13.277483
296792,14234,169,2023-06-29 19:20:36.000,2023-06-29 21:53:02.000,297,0.320000,320.000000,47.000000,16.966667
296950,14234,169,2023-06-30 06:00:00.000,2023-06-30 10:01:09.000,297,0.320000,624.000000,27.000000,6.216667
297000,14234,169,2023-06-30 10:01:09.000,2023-06-30 13:29:03.000,297,0.320000,396.000000,25.000000,0.000000
297002,14234,169,2023-06-30 13:29:03.000,2023-06-30 13:37:43.000,297,0.320000,0.000000,0.000000,8.652356
297029,14234,169,2023-06-30 14:00:00.000,2023-06-30 15:27:40.000,297,0.320000,211.000000,0.000000,4.433333
297030,14234,169,2023-06-30 15:27:40.000,2023-06-30 15:39:40.000,297,0.320000,0.000000,0.000000,11.992208
297031,14234,169,2023-06-30 15:39:40.000,2023-06-30 15:42:37.000,297,0.320000,6.000000,0.000000,0.000000
297041,14234,169,2023-06-30 15:42:37.000,2023-06-30 16:20:44.000,297,0.320000,0.000000,0.000000,38.111432
297049,14234,169,2023-06-30 16:20:44.000,2023-06-30 17:22:11.000,297,0.320000,106.000000,0.000000,6.033333
297050,14234,169,2023-06-30 17:22:11.000,2023-06-30 17:32:59.000,297,0.320000,0.000000,0.000000,10.793928
297062,14234,169,2023-06-30 17:32:59.000,2023-06-30 18:15:58.000,297,0.320000,46.000000,32.000000,15.033334
297102,14234,169,2023-06-30 18:15:58.000,2023-06-30 21:52:30.000,297,0.320000,476.000000,45.000000,12.550000
297121,14234,169,2023-06-30 22:00:00.000,2023-06-30 23:06:27.000,297,0.320000,119.000000,10.000000,18.500000
297135,14234,169,2023-06-30 23:06:27.000,2023-07-01 00:05:51.000,297,0.320000,133.000000,10.000000,2.350000
297144,14234,169,2023-07-01 00:05:51.000,2023-07-01 01:00:45.000,297,0.320000,108.000000,27.000000,3.166667
297153,14234,169,2023-07-01 01:00:45.000,2023-07-01 01:59:56.000,297,0.320000,144.000000,22.000000,0.000000
297168,14234,169,2023-07-01 01:59:56.000,2023-07-01 03:00:28.000,297,0.320000,148.000000,13.000000,0.000000
297183,14234,169,2023-07-01 03:00:28.000,2023-07-01 04:00:00.000,297,0.320000,153.000000,10.000000,0.000000
297197,14234,169,2023-07-01 04:00:00.000,2023-07-01 04:59:30.000,297,0.320000,139.000000,13.000000,2.983333
297214,14234,169,2023-07-01 04:59:30.000,2023-07-01 05:52:03.000,297,0.320000,123.000000,10.000000,0.000000
297257,14234,169,2023-07-01 06:00:00.000,2023-07-01 10:01:58.000,297,0.320000,461.000000,37.000000,22.950000
297296,14234,169,2023-07-01 10:01:58.000,2023-07-01 13:48:58.000,297,0.320000,523.000000,56.000000,11.783334
297305,14234,169,2023-07-01 14:00:00.000,2023-07-01 14:59:55.000,297,0.320000,98.000000,46.000000,6.250000
297308,14234,169,2023-07-01 14:59:55.000,2023-07-01 16:00:25.000,297,0.320000,115.000000,48.000000,2.650000
297310,14234,169,2023-07-01 16:00:25.000,2023-07-01 16:59:29.000,297,0.320000,111.000000,38.000000,4.716666
297311,14234,169,2023-07-01 16:59:29.000,2023-07-01 17:58:26.000,297,0.320000,77.000000,14.000000,24.000000
297317,14234,169,2023-07-01 17:58:26.000,2023-07-01 19:00:48.000,297,0.320000,127.000000,30.000000,4.833333
297322,14234,169,2023-07-01 19:00:48.000,2023-07-01 19:59:52.000,297,0.320000,112.000000,33.000000,4.750000
297326,14234,169,2023-07-01 19:59:52.000,2023-07-01 21:00:12.000,297,0.320000,135.000000,24.000000,0.000000
297331,14234,169,2023-07-01 21:00:12.000,2023-07-01 21:47:36.000,297,0.320000,96.000000,35.000000,0.000000
297372,14283,169,2023-07-03 06:00:00.000,2023-07-03 10:02:37.000,297,0.320000,498.000000,35.000000,46.416667
297415,14283,169,2023-07-03 10:02:37.000,2023-07-03 13:51:31.000,297,0.320000,532.000000,42.000000,16.066666
297683,14283,169,2023-07-04 06:00:00.000,2023-07-04 09:59:38.000,297,0.320000,500.000000,65.000000,35.283332
297735,14283,169,2023-07-04 09:59:38.000,2023-07-04 13:52:08.000,297,0.320000,525.000000,65.000000,13.650001
297902,14283,169,2023-07-04 22:00:00.000,2023-07-05 01:56:53.000,297,0.320000,537.000000,63.000000,21.716666
297952,14283,169,2023-07-05 01:56:53.000,2023-07-05 05:51:53.000,297,0.320000,552.000000,0.000000,8.333334
297985,14283,169,2023-07-05 06:00:00.000,2023-07-05 08:43:19.000,297,0.320000,306.000000,29.000000,9.033333
297992,14283,169,2023-07-05 08:43:19.000,2023-07-05 09:14:05.000,297,0.320000,69.000000,0.000000,6.666667
298011,14283,169,2023-07-05 09:14:05.000,2023-07-05 10:26:40.000,297,0.320000,0.000000,0.000000,72.577174
298050,14283,169,2023-07-05 10:26:40.000,2023-07-05 13:52:28.000,297,0.320000,390.000000,8.000000,26.216667
298181,14283,169,2023-07-05 22:00:00.000,2023-07-05 23:23:35.000,297,0.320000,186.000000,0.000000,8.283333
298187,14283,169,2023-07-05 23:23:35.000,2023-07-05 23:47:56.000,297,0.320000,0.000000,0.000000,24.343754
298220,14283,169,2023-07-05 23:47:56.000,2023-07-06 01:58:59.000,297,0.320000,316.000000,13.000000,1.883333
298286,14283,169,2023-07-06 01:58:59.000,2023-07-06 05:50:59.000,297,0.320000,562.000000,20.000000,2.666667
298336,14283,169,2023-07-06 06:00:00.000,2023-07-06 09:59:52.000,297,0.320000,522.000000,21.000000,25.650000
298347,14283,169,2023-07-06 09:59:52.000,2023-07-06 11:01:17.000,297,0.320000,140.000000,17.000000,3.100000
298350,14283,169,2023-07-06 11:01:17.000,2023-07-06 11:09:15.000,297,0.320000,0.000000,0.000000,7.958820
298384,14283,169,2023-07-06 11:09:15.000,2023-07-06 13:51:50.000,297,0.320000,341.000000,40.000000,12.016666
298521,14283,169,2023-07-06 22:00:00.000,2023-07-07 01:58:08.000,297,0.320000,512.000000,57.000000,5.683333
298574,14283,169,2023-07-07 01:58:08.000,2023-07-07 05:50:34.000,297,0.320000,467.000000,44.000000,5.416667
298585,14283,169,2023-07-07 06:00:00.000,2023-07-07 06:46:14.000,297,0.320000,38.000000,0.000000,30.650000
298587,14283,169,2023-07-07 06:46:14.000,2023-07-07 06:54:38.000,297,0.320000,0.000000,0.000000,8.392703
298626,14283,169,2023-07-07 06:54:38.000,2023-07-07 09:59:32.000,297,0.320000,401.000000,49.000000,11.850000
298631,14283,169,2023-07-07 09:59:32.000,2023-07-07 10:06:46.000,297,0.320000,10.000000,0.000000,0.000000
298633,14283,169,2023-07-07 10:06:46.000,2023-07-07 10:21:18.000,297,0.320000,0.000000,0.000000,14.526132
298679,14283,169,2023-07-07 10:21:18.000,2023-07-07 13:52:28.000,297,0.320000,451.000000,56.000000,14.700001
298689,14283,169,2023-07-07 14:00:00.000,2023-07-07 14:58:40.000,297,0.320000,115.000000,13.000000,9.349999
298703,14283,169,2023-07-07 14:58:40.000,2023-07-07 16:00:08.000,297,0.320000,145.000000,17.000000,0.000000
298718,14283,169,2023-07-07 16:00:08.000,2023-07-07 16:59:35.000,297,0.320000,134.000000,17.000000,0.000000
298740,14283,169,2023-07-07 16:59:35.000,2023-07-07 18:59:27.000,297,0.320000,138.000000,7.000000,2.783333
298752,14283,169,2023-07-07 18:59:27.000,2023-07-07 20:01:47.000,297,0.320000,141.000000,19.000000,0.000000
298758,14283,169,2023-07-07 20:01:47.000,2023-07-07 20:59:06.000,297,0.320000,131.000000,19.000000,0.000000
298775,14283,169,2023-07-07 20:59:06.000,2023-07-07 21:51:00.000,297,0.320000,118.000000,8.000000,2.583333
298875,14283,169,2023-07-08 06:00:00.000,2023-07-08 09:57:28.000,297,0.320000,583.000000,7.000000,14.066666
298904,14283,169,2023-07-08 09:57:28.000,2023-07-08 13:52:37.000,297,0.320000,514.000000,36.000000,22.850001
298907,14283,169,2023-07-08 14:00:00.000,2023-07-08 15:01:36.000,297,0.320000,114.000000,29.000000,8.416667
298919,14283,169,2023-07-08 15:01:36.000,2023-07-08 16:00:44.000,297,0.320000,125.000000,25.000000,0.000000
298924,14283,169,2023-07-08 16:00:44.000,2023-07-08 16:59:49.000,297,0.320000,128.000000,12.000000,3.316667
298938,14283,169,2023-07-08 16:59:49.000,2023-07-08 19:00:16.000,297,0.320000,137.000000,12.000000,3.666667
298947,14283,169,2023-07-08 19:00:16.000,2023-07-08 20:01:48.000,297,0.320000,142.000000,7.000000,5.600000
298955,14283,169,2023-07-08 20:01:48.000,2023-07-08 21:01:22.000,297,0.320000,128.000000,23.000000,0.000000
298967,14283,169,2023-07-08 21:01:22.000,2023-07-08 21:51:56.000,297,0.320000,98.000000,33.000000,0.000000
299012,14328,169,2023-07-10 06:00:00.000,2023-07-10 09:58:05.000,297,0.320000,510.000000,16.000000,32.216667
299053,14328,169,2023-07-10 09:58:05.000,2023-07-10 12:58:44.000,297,0.320000,433.000000,14.000000,8.866667
299076,14328,169,2023-07-10 12:58:44.000,2023-07-10 13:54:46.000,297,0.320000,124.000000,8.000000,6.250000
299102,14328,169,2023-07-10 14:00:00.000,2023-07-10 15:37:37.000,297,0.320000,228.000000,11.000000,2.616667
299446,14328,169,2023-07-11 15:50:46.000,2023-07-11 18:05:30.000,297,0.320000,189.000000,0.000000,57.100000
299473,14328,169,2023-07-11 18:05:30.000,2023-07-11 20:51:21.000,297,0.320000,388.000000,13.000000,12.233333
299530,14328,169,2023-07-11 22:00:00.000,2023-07-12 01:57:51.000,297,0.320000,582.000000,14.000000,10.116667
299570,14328,169,2023-07-12 01:57:51.000,2023-07-12 05:53:43.000,297,0.320000,536.000000,8.000000,20.516667
299615,14328,169,2023-07-12 06:00:00.000,2023-07-12 09:58:50.000,297,0.320000,559.000000,3.000000,16.833333
299629,14328,169,2023-07-12 09:58:50.000,2023-07-12 11:01:11.000,297,0.320000,168.000000,0.000000,0.000000
299648,14328,169,2023-07-12 11:01:11.000,2023-07-12 12:40:31.000,297,0.320000,241.000000,1.000000,0.000000
299652,14328,169,2023-07-12 12:40:31.000,2023-07-12 13:00:09.000,297,0.320000,0.000000,0.000000,19.624655
299667,14328,169,2023-07-12 13:00:09.000,2023-07-12 13:51:31.000,297,0.320000,136.000000,0.000000,0.000000
299723,14328,169,2023-07-12 14:00:00.000,2023-07-12 18:27:47.000,297,0.320000,644.000000,25.000000,10.649999
299763,14328,169,2023-07-12 18:27:47.000,2023-07-12 21:47:16.000,297,0.320000,480.000000,15.000000,7.716667
299814,14328,169,2023-07-12 22:00:00.000,2023-07-13 02:03:47.000,297,0.320000,536.000000,64.000000,8.183333
299855,14328,169,2023-07-13 02:03:47.000,2023-07-13 05:51:38.000,297,0.320000,480.000000,68.000000,15.666666
299876,14328,169,2023-07-13 06:00:00.000,2023-07-13 07:56:08.000,297,0.320000,229.000000,9.000000,22.416667
299904,14328,169,2023-07-13 07:56:08.000,2023-07-13 10:00:41.000,297,0.320000,297.000000,20.000000,2.033333
299914,14328,169,2023-07-13 10:00:41.000,2023-07-13 11:01:56.000,297,0.320000,139.000000,8.000000,4.533333
299924,14328,169,2023-07-13 11:01:56.000,2023-07-13 11:59:15.000,297,0.320000,131.000000,10.000000,2.383333
299937,14328,169,2023-07-13 11:59:15.000,2023-07-13 13:03:16.000,297,0.320000,114.000000,30.000000,9.400000
299954,14328,169,2023-07-13 13:03:16.000,2023-07-13 13:52:22.000,297,0.320000,112.000000,11.000000,2.783333
299999,14328,169,2023-07-13 14:00:00.000,2023-07-13 17:56:48.000,297,0.320000,490.000000,25.000000,35.183332
300046,14328,169,2023-07-13 17:56:48.000,2023-07-13 21:48:31.000,297,0.320000,555.000000,29.000000,6.500000
300099,14328,169,2023-07-13 22:00:00.000,2023-07-14 02:01:45.000,297,0.320000,519.000000,49.000000,18.283334
300135,14328,169,2023-07-14 02:01:45.000,2023-07-14 05:51:20.000,297,0.320000,537.000000,38.000000,5.633333
300173,14328,169,2023-07-14 06:00:00.000,2023-07-14 08:58:29.000,297,0.320000,392.000000,20.000000,18.883333
300227,14328,169,2023-07-14 08:58:29.000,2023-07-14 13:02:41.000,297,0.320000,558.000000,52.000000,9.383333
300240,14328,169,2023-07-14 13:02:41.000,2023-07-14 13:52:06.000,297,0.320000,115.000000,15.000000,0.000000
300301,14328,169,2023-07-14 14:00:00.000,2023-07-14 17:56:25.000,297,0.320000,511.000000,23.000000,26.766666
300345,14328,169,2023-07-14 17:56:25.000,2023-07-14 21:48:13.000,297,0.320000,558.000000,23.000000,9.849999
300383,14328,169,2023-07-14 22:00:00.000,2023-07-15 01:58:47.000,297,0.320000,517.000000,62.000000,7.466667
300412,14328,169,2023-07-15 01:58:47.000,2023-07-15 05:44:58.000,297,0.320000,474.000000,84.000000,10.166666
299133,14348,169,2023-07-10 15:37:37.000,2023-07-10 18:03:40.000,189,0.350000,110.000000,2.000000,102.450000
299169,14348,169,2023-07-10 18:03:40.000,2023-07-10 20:45:15.000,189,0.350000,439.000000,0.000000,6.950000
299173,14348,169,2023-07-10 20:45:15.000,2023-07-10 20:55:25.000,189,0.350000,0.000000,0.000000,10.160927
299205,14348,169,2023-07-10 20:55:25.000,2023-07-10 21:51:59.000,189,0.350000,158.000000,0.000000,0.000000
299235,14348,169,2023-07-10 22:00:00.000,2023-07-11 01:58:34.000,189,0.350000,644.000000,4.000000,9.000000
299270,14348,169,2023-07-11 01:58:34.000,2023-07-11 05:50:35.000,189,0.350000,630.000000,0.000000,5.366667
299293,14348,169,2023-07-11 06:00:00.000,2023-07-11 07:00:50.000,189,0.350000,126.000000,0.000000,0.000000
299309,14348,169,2023-07-11 07:00:50.000,2023-07-11 08:07:50.000,189,0.350000,175.000000,2.000000,5.866667
299318,14348,169,2023-07-11 08:07:50.000,2023-07-11 09:00:13.000,189,0.350000,157.000000,0.000000,0.000000
299326,14348,169,2023-07-11 09:00:13.000,2023-07-11 09:59:18.000,189,0.350000,165.000000,3.000000,0.000000
299373,14348,169,2023-07-11 09:59:18.000,2023-07-11 12:59:25.000,189,0.350000,506.000000,0.000000,5.933333
299392,14348,169,2023-07-11 12:59:25.000,2023-07-11 13:51:46.000,189,0.350000,149.000000,0.000000,0.000000
299417,14348,169,2023-07-11 14:00:00.000,2023-07-11 15:50:46.000,189,0.350000,285.000000,0.000000,9.133333
300449,14380,169,2023-07-17 06:00:00.000,2023-07-17 09:58:22.000,297,0.320000,456.000000,27.000000,52.483333
300502,14380,169,2023-07-17 09:58:22.000,2023-07-17 13:51:19.000,297,0.320000,556.000000,19.000000,8.700000
300548,14380,169,2023-07-17 14:00:00.000,2023-07-17 18:00:53.000,297,0.320000,517.000000,61.000000,20.366667
300597,14380,169,2023-07-17 18:00:53.000,2023-07-17 21:50:54.000,297,0.320000,487.000000,67.000000,15.100000
300611,14380,169,2023-07-17 22:00:00.000,2023-07-17 22:59:55.000,297,0.320000,119.000000,0.000000,13.466667
300629,14380,169,2023-07-17 22:59:55.000,2023-07-18 00:58:20.000,297,0.320000,301.000000,0.000000,0.000000
300655,14380,169,2023-07-18 00:58:20.000,2023-07-18 02:59:53.000,297,0.320000,232.000000,38.000000,4.683333
300680,14380,169,2023-07-18 02:59:53.000,2023-07-18 05:02:12.000,297,0.320000,271.000000,21.000000,9.916666
300693,14380,169,2023-07-18 05:02:12.000,2023-07-18 05:51:43.000,297,0.320000,105.000000,11.000000,4.900000
300712,14380,169,2023-07-18 06:00:00.000,2023-07-18 07:06:33.000,297,0.320000,137.000000,0.000000,14.816667
300713,14380,169,2023-07-18 07:06:33.000,2023-07-18 07:20:04.000,297,0.320000,0.000000,0.000000,13.500948
300714,14380,169,2023-07-18 07:20:04.000,2023-07-18 07:42:47.000,297,0.320000,11.000000,17.000000,7.300000
300741,14407,169,2023-07-18 07:42:47.000,2023-07-18 09:38:05.000,290,0.300000,30.000000,0.000000,0.000000
300747,14407,169,2023-07-18 09:38:05.000,2023-07-18 10:01:13.000,290,0.300000,0.000000,4.000000,23.122733
300801,14407,169,2023-07-18 10:01:13.000,2023-07-18 13:51:31.000,290,0.300000,632.000000,0.000000,9.783333
300852,14407,169,2023-07-18 14:00:00.000,2023-07-18 19:17:56.000,290,0.300000,807.000000,0.000000,41.983333
300854,14411,169,2023-07-18 19:17:56.000,2023-07-18 19:38:26.000,297,0.320000,0.000000,0.000000,20.483333
300874,14411,169,2023-07-18 19:38:26.000,2023-07-18 21:15:28.000,297,0.320000,0.000000,0.000000,97.026262
300876,14411,169,2023-07-18 21:15:28.000,2023-07-18 21:24:03.000,297,0.320000,0.000000,0.000000,8.566667
300881,14411,169,2023-07-18 21:24:03.000,2023-07-18 21:50:07.000,297,0.320000,0.000000,0.000000,26.061042
301051,14411,169,2023-07-19 06:00:00.000,2023-07-19 10:01:06.000,297,0.320000,380.000000,50.000000,56.200000
301103,14411,169,2023-07-19 10:01:06.000,2023-07-19 13:51:01.000,297,0.320000,450.000000,88.000000,12.800001
301152,14411,169,2023-07-19 14:00:00.000,2023-07-19 17:59:35.000,297,0.320000,458.000000,99.000000,19.183333
301166,14411,169,2023-07-19 17:59:35.000,2023-07-19 19:13:14.000,297,0.320000,163.000000,35.000000,7.450000
301167,14411,169,2023-07-19 19:13:14.000,2023-07-19 19:22:08.000,297,0.320000,0.000000,0.000000,8.893237
301198,14411,169,2023-07-19 19:22:08.000,2023-07-19 21:51:59.000,297,0.320000,296.000000,50.000000,14.000000
301345,14411,169,2023-07-20 06:00:00.000,2023-07-20 10:19:40.000,297,0.320000,439.000000,42.000000,9.116667
301389,14411,169,2023-07-20 10:19:40.000,2023-07-20 13:50:42.000,297,0.320000,398.000000,75.000000,25.900001
301432,14411,169,2023-07-20 14:00:00.000,2023-07-20 18:00:26.000,297,0.320000,455.000000,92.000000,34.766667
301443,14411,169,2023-07-20 18:00:26.000,2023-07-20 19:49:43.000,297,0.320000,225.000000,35.000000,3.150000
301445,14411,169,2023-07-20 19:49:43.000,2023-07-20 19:55:32.000,297,0.320000,0.000000,0.000000,5.811929
301446,14411,169,2023-07-20 19:55:32.000,2023-07-20 19:56:23.000,297,0.320000,3.000000,0.000000,0.000000
301451,14411,169,2023-07-20 19:56:23.000,2023-07-20 20:02:28.000,297,0.320000,0.000000,0.000000,6.068397
301461,14411,169,2023-07-20 20:02:28.000,2023-07-20 21:06:57.000,297,0.320000,148.000000,12.000000,0.000000
301464,14411,169,2023-07-20 21:06:57.000,2023-07-20 21:46:44.000,297,0.320000,0.000000,0.000000,39.768047
301504,14411,169,2023-07-20 22:00:00.000,2023-07-21 00:59:10.000,297,0.320000,382.000000,20.000000,16.133334
301516,14411,169,2023-07-21 00:59:10.000,2023-07-21 02:00:16.000,297,0.320000,149.000000,5.000000,0.000000
301540,14411,169,2023-07-21 02:00:16.000,2023-07-21 04:54:51.000,297,0.320000,362.000000,22.000000,31.216667
301555,14411,169,2023-07-21 04:54:51.000,2023-07-21 05:48:13.000,297,0.320000,139.000000,14.000000,0.000000
301716,14411,169,2023-07-21 14:00:00.000,2023-07-21 21:10:43.000,297,0.320000,0.000000,0.000000,430.714793
301722,14428,169,2023-07-21 21:10:43.000,2023-07-21 21:50:52.000,322,0.310000,116.000000,0.000000,2.000000
301740,14428,169,2023-07-21 22:00:00.000,2023-07-21 23:04:52.000,322,0.310000,143.000000,0.000000,10.633333
301750,14428,169,2023-07-21 23:04:52.000,2023-07-22 00:02:15.000,322,0.310000,158.000000,1.000000,0.000000
301764,14428,169,2023-07-22 00:02:15.000,2023-07-22 00:59:46.000,322,0.310000,168.000000,0.000000,0.000000
301802,14428,169,2023-07-22 00:59:46.000,2023-07-22 04:03:10.000,322,0.310000,493.000000,0.000000,8.116667
301812,14428,169,2023-07-22 04:03:10.000,2023-07-22 05:00:45.000,322,0.310000,161.000000,0.000000,0.000000
301827,14428,169,2023-07-22 05:00:45.000,2023-07-22 05:51:34.000,322,0.310000,133.000000,0.000000,2.800000
301863,14438,169,2023-07-24 06:00:00.000,2023-07-24 09:59:22.000,322,0.310000,530.000000,5.000000,45.100000
301891,14438,169,2023-07-24 09:59:22.000,2023-07-24 12:34:54.000,322,0.310000,429.000000,0.000000,5.050000
301914,14438,169,2023-07-24 12:34:54.000,2023-07-24 13:55:23.000,322,0.310000,173.000000,0.000000,21.816667
302029,14438,169,2023-07-24 22:00:00.000,2023-07-25 00:14:49.000,322,0.310000,337.000000,7.000000,14.466667
302037,14438,169,2023-07-25 00:14:49.000,2023-07-25 01:14:23.000,322,0.310000,0.000000,0.000000,59.563263
302057,14438,169,2023-07-25 01:14:23.000,2023-07-25 03:15:25.000,322,0.310000,337.000000,2.000000,0.000000
302061,14438,169,2023-07-25 03:15:25.000,2023-07-25 03:55:47.000,322,0.310000,0.000000,0.000000,40.362282
302081,14438,169,2023-07-25 03:55:47.000,2023-07-25 05:51:07.000,322,0.310000,320.000000,5.000000,0.000000
302124,14438,169,2023-07-25 06:00:00.000,2023-07-25 09:58:23.000,322,0.310000,658.000000,0.000000,5.366667
302133,14438,169,2023-07-25 09:58:23.000,2023-07-25 10:58:00.000,322,0.310000,167.000000,0.000000,0.000000
302157,14460,169,2023-07-25 10:58:00.000,2023-07-25 13:49:53.000,265,0.320000,462.000000,10.000000,5.033333
302189,14460,169,2023-07-25 14:00:00.000,2023-07-25 16:03:03.000,265,0.320000,259.000000,0.000000,17.883333
302214,14460,169,2023-07-25 16:03:03.000,2023-07-25 19:02:25.000,265,0.320000,329.000000,10.000000,0.000000
302220,14460,169,2023-07-25 19:02:25.000,2023-07-25 19:59:11.000,265,0.320000,160.000000,0.000000,0.000000
302234,14460,169,2023-07-25 19:59:11.000,2023-07-25 21:00:00.000,265,0.320000,156.000000,6.000000,2.200000
302255,14460,169,2023-07-25 21:00:00.000,2023-07-25 21:52:00.000,265,0.320000,145.000000,0.000000,0.000000
302261,14460,169,2023-07-25 22:00:00.000,2023-07-25 22:55:02.000,265,0.320000,108.000000,6.000000,9.550000
302267,14469,169,2023-07-25 22:55:02.000,2023-07-25 23:45:49.000,370,0.350000,2.000000,0.000000,51.433333
302318,14469,169,2023-07-25 23:45:49.000,2023-07-26 04:34:33.000,370,0.350000,0.000000,50.000000,288.722689
302422,14469,169,2023-07-26 04:34:33.000,2023-07-26 06:00:00.000,370,0.350000,0.000000,0.000000,85.450000
302421,14469,169,2023-07-26 06:00:00.000,2023-07-26 13:17:31.000,370,0.350000,0.000000,0.000000,437.508800
302426,14469,169,2023-07-26 13:17:31.000,2023-07-26 13:51:21.000,370,0.350000,120.000000,18.000000,0.000000
302446,14469,169,2023-07-26 14:00:00.000,2023-07-26 15:02:16.000,370,0.350000,151.000000,0.000000,3.850000
302469,14469,169,2023-07-26 15:02:16.000,2023-07-26 17:05:05.000,370,0.350000,319.000000,0.000000,0.000000
302489,14469,169,2023-07-26 17:05:05.000,2023-07-26 19:02:21.000,370,0.350000,153.000000,0.000000,0.000000
302502,14469,169,2023-07-26 19:02:21.000,2023-07-26 20:02:39.000,370,0.350000,152.000000,0.000000,0.000000
302510,14469,169,2023-07-26 20:02:39.000,2023-07-26 21:01:58.000,370,0.350000,157.000000,0.000000,0.000000
302521,14469,169,2023-07-26 21:01:58.000,2023-07-26 21:52:13.000,370,0.350000,122.000000,0.000000,2.116667
302540,14469,169,2023-07-26 22:00:00.000,2023-07-26 23:58:02.000,370,0.350000,307.000000,0.000000,3.000000
302555,14469,169,2023-07-26 23:58:02.000,2023-07-27 01:58:39.000,370,0.350000,305.000000,0.000000,2.600000
302601,14469,169,2023-07-27 01:58:39.000,2023-07-27 05:49:50.000,370,0.350000,603.000000,0.000000,0.000000
302652,14469,169,2023-07-27 06:00:00.000,2023-07-27 09:59:00.000,370,0.350000,690.000000,0.000000,5.050000
302677,14469,169,2023-07-27 09:59:00.000,2023-07-27 12:18:05.000,370,0.350000,342.000000,3.000000,9.483333
302767,14469,169,2023-07-27 15:05:05.000,2023-07-27 19:57:54.000,370,0.350000,464.000000,0.000000,7.950000
302784,14469,169,2023-07-27 19:57:54.000,2023-07-27 20:57:03.000,370,0.350000,152.000000,0.000000,0.000000
303145,14469,169,2023-07-29 01:14:29.000,2023-07-29 05:52:24.000,370,0.350000,444.000000,0.000000,16.566666
303175,14469,169,2023-07-29 06:00:00.000,2023-07-29 09:52:42.000,370,0.350000,561.000000,2.000000,17.166667
303207,14469,169,2023-07-29 09:52:42.000,2023-07-29 13:54:08.000,370,0.350000,590.000000,0.000000,2.066667
303219,14469,169,2023-07-29 14:00:00.000,2023-07-29 16:59:19.000,370,0.350000,442.000000,0.000000,9.383333
303224,14469,169,2023-07-29 16:59:19.000,2023-07-29 17:58:18.000,370,0.350000,160.000000,0.000000,0.000000
303247,14469,169,2023-07-29 17:58:18.000,2023-07-29 21:51:03.000,370,0.350000,613.000000,0.000000,0.000000
302690,14477,169,2023-07-27 12:18:05.000,2023-07-27 13:45:33.000,249,0.340000,172.000000,0.000000,2.366667
302718,14477,169,2023-07-27 14:00:00.000,2023-07-27 15:05:05.000,249,0.340000,262.000000,1.000000,9.750000
302809,14480,169,2023-07-27 20:57:03.000,2023-07-27 21:55:51.000,355,0.300000,0.000000,0.000000,0.000000
302813,14480,169,2023-07-27 22:00:00.000,2023-07-27 22:37:05.000,355,0.300000,29.000000,0.000000,23.733333
302822,14480,169,2023-07-27 22:37:05.000,2023-07-27 23:35:27.000,355,0.300000,0.000000,0.000000,58.356609
302849,14480,169,2023-07-27 23:35:27.000,2023-07-28 02:01:07.000,355,0.300000,330.000000,3.000000,0.000000
302886,14480,169,2023-07-28 02:01:07.000,2023-07-28 05:50:44.000,355,0.300000,499.000000,0.000000,12.400000
302922,14480,169,2023-07-28 06:00:00.000,2023-07-28 09:58:48.000,355,0.300000,531.000000,0.000000,10.050000
302958,14480,169,2023-07-28 09:58:48.000,2023-07-28 13:50:27.000,355,0.300000,483.000000,8.000000,9.183333
303005,14480,169,2023-07-28 14:00:00.000,2023-07-28 17:58:19.000,355,0.300000,540.000000,5.000000,6.650000
303035,14480,169,2023-07-28 17:58:19.000,2023-07-28 20:00:43.000,355,0.300000,285.000000,0.000000,0.000000
303045,14480,169,2023-07-28 20:00:43.000,2023-07-28 21:08:27.000,355,0.300000,138.000000,0.000000,9.833333
303047,14480,169,2023-07-28 21:08:27.000,2023-07-28 21:18:04.000,355,0.300000,0.000000,0.000000,9.602758
303050,14480,169,2023-07-28 21:18:04.000,2023-07-28 21:36:03.000,355,0.300000,39.000000,0.000000,2.850000
303052,14480,169,2023-07-28 21:36:03.000,2023-07-28 21:41:44.000,355,0.300000,0.000000,0.000000,5.670687
303066,14480,169,2023-07-28 21:41:44.000,2023-07-28 21:55:03.000,355,0.300000,28.000000,0.000000,2.916667
303095,14480,169,2023-07-28 22:00:00.000,2023-07-29 01:14:29.000,355,0.300000,450.000000,3.000000,5.166667
303257,14503,169,2023-07-31 06:00:00.000,2023-07-31 06:58:31.000,370,0.350000,116.000000,0.000000,11.916667
303302,14503,169,2023-07-31 06:58:31.000,2023-07-31 09:58:24.000,370,0.350000,473.000000,1.000000,2.033333
303327,14503,169,2023-07-31 09:58:24.000,2023-07-31 11:58:24.000,370,0.350000,302.000000,0.000000,0.000000
303361,14503,169,2023-07-31 11:58:24.000,2023-07-31 13:53:14.000,370,0.350000,288.000000,0.000000,0.000000
303407,14503,169,2023-07-31 14:00:00.000,2023-07-31 18:01:10.000,370,0.350000,519.000000,1.000000,0.000000
303433,14503,169,2023-07-31 18:01:10.000,2023-07-31 20:49:35.000,370,0.350000,429.000000,3.000000,0.000000
303488,14503,169,2023-07-31 22:00:00.000,2023-08-01 00:42:50.000,370,0.350000,389.000000,0.000000,9.816667
303494,14523,169,2023-08-01 00:42:50.000,2023-08-01 01:12:36.000,227,0.350000,0.000000,0.000000,0.000000
303551,14523,169,2023-08-01 01:12:36.000,2023-08-01 06:00:00.000,227,0.350000,0.000000,0.000000,287.400000
303827,14533,169,2023-08-01 22:00:00.000,2023-08-02 05:50:41.000,332,0.380000,457.000000,0.000000,25.566666
303861,14533,169,2023-08-02 06:00:00.000,2023-08-02 08:01:13.000,332,0.380000,260.000000,0.000000,15.733333
303867,14533,169,2023-08-02 08:01:13.000,2023-08-02 08:58:25.000,332,0.380000,142.000000,0.000000,2.333333
303905,14533,169,2023-08-02 08:58:25.000,2023-08-02 11:02:07.000,332,0.380000,147.000000,0.000000,5.950000
303956,14533,169,2023-08-02 11:02:07.000,2023-08-02 13:52:14.000,332,0.380000,416.000000,0.000000,3.333333
304055,14533,169,2023-08-02 22:00:00.000,2023-08-02 22:09:55.000,332,0.380000,5.000000,0.000000,8.133333
304062,14533,169,2023-08-02 22:09:55.000,2023-08-02 23:50:59.000,332,0.380000,0.000000,0.000000,101.051628
304123,14533,169,2023-08-02 23:50:59.000,2023-08-03 05:52:05.000,332,0.380000,835.000000,3.000000,16.583334
304176,14533,169,2023-08-03 06:00:00.000,2023-08-03 09:58:31.000,332,0.380000,560.000000,0.000000,12.833333
304214,14533,169,2023-08-03 09:58:31.000,2023-08-03 12:58:27.000,332,0.380000,451.000000,0.000000,0.000000
304236,14533,169,2023-08-03 12:58:27.000,2023-08-03 13:51:28.000,332,0.380000,132.000000,0.000000,0.000000
304286,14533,169,2023-08-03 14:00:00.000,2023-08-03 18:01:29.000,332,0.380000,606.000000,0.000000,1.066667
304315,14533,169,2023-08-03 18:01:29.000,2023-08-03 20:51:27.000,332,0.380000,419.000000,0.000000,2.933333
304354,14533,169,2023-08-03 22:00:00.000,2023-08-03 23:52:56.000,332,0.380000,224.000000,0.000000,19.050000
304359,14533,169,2023-08-03 23:52:56.000,2023-08-04 00:06:49.000,332,0.380000,0.000000,0.000000,13.874063
304374,14533,169,2023-08-04 00:06:49.000,2023-08-04 01:59:07.000,332,0.380000,278.000000,0.000000,0.000000
304408,14533,169,2023-08-04 01:59:07.000,2023-08-04 05:50:41.000,332,0.380000,563.000000,7.000000,3.416667
304455,14533,169,2023-08-04 06:00:00.000,2023-08-04 08:58:58.000,332,0.380000,402.000000,0.000000,16.883333
304497,14533,169,2023-08-04 08:58:58.000,2023-08-04 12:02:36.000,332,0.380000,462.000000,0.000000,0.000000
304530,14533,169,2023-08-04 12:02:36.000,2023-08-04 13:53:10.000,332,0.380000,269.000000,0.000000,0.000000
304639,14533,169,2023-08-04 22:00:00.000,2023-08-05 01:58:38.000,332,0.380000,572.000000,0.000000,10.100000
304661,14533,169,2023-08-05 01:58:38.000,2023-08-05 04:04:18.000,332,0.380000,303.000000,0.000000,2.666667
304738,14562,169,2023-08-22 06:00:00.000,2023-08-22 09:00:00.000,367,0.310000,326.000000,0.000000,56.216667
304763,14562,169,2023-08-22 09:00:00.000,2023-08-22 10:59:29.000,367,0.310000,318.000000,4.000000,0.000000
304789,14562,169,2023-08-22 10:59:29.000,2023-08-22 13:07:08.000,367,0.310000,297.000000,0.000000,13.966667
304796,14562,169,2023-08-22 13:07:08.000,2023-08-22 13:51:38.000,367,0.310000,118.000000,0.000000,0.000000
304837,14562,169,2023-08-22 14:00:00.000,2023-08-22 18:01:08.000,367,0.310000,624.000000,12.000000,8.566667
304883,14562,169,2023-08-22 18:01:08.000,2023-08-22 21:51:55.000,367,0.310000,605.000000,5.000000,8.750000
304920,14562,169,2023-08-22 22:00:00.000,2023-08-23 01:56:31.000,367,0.310000,601.000000,0.000000,15.833333
304951,14562,169,2023-08-23 01:56:31.000,2023-08-23 05:51:30.000,367,0.310000,621.000000,5.000000,5.333333
304970,14562,169,2023-08-23 06:00:00.000,2023-08-23 06:58:51.000,367,0.310000,127.000000,0.000000,13.383333
304999,14562,169,2023-08-23 06:58:51.000,2023-08-23 09:00:10.000,367,0.310000,296.000000,1.000000,9.316667
305019,14562,169,2023-08-23 09:00:10.000,2023-08-23 11:01:24.000,367,0.310000,312.000000,0.000000,3.550000
305029,14562,169,2023-08-23 11:01:24.000,2023-08-23 11:38:39.000,367,0.310000,107.000000,0.000000,0.000000
305036,14562,169,2023-08-23 11:38:39.000,2023-08-23 12:02:54.000,367,0.310000,0.000000,0.000000,24.234192
305066,14562,169,2023-08-23 12:02:54.000,2023-08-23 13:53:39.000,367,0.310000,295.000000,2.000000,5.016667
305113,14562,169,2023-08-23 14:00:00.000,2023-08-23 18:02:25.000,367,0.310000,649.000000,7.000000,1.816667
305148,14562,169,2023-08-23 18:02:25.000,2023-08-23 21:51:47.000,367,0.310000,619.000000,3.000000,0.000000
305193,14562,169,2023-08-23 22:00:00.000,2023-08-24 02:15:33.000,367,0.310000,677.000000,13.000000,7.233333
305207,14570,169,2023-08-24 02:15:33.000,2023-08-24 04:03:42.000,322,0.310000,60.000000,0.000000,18.333333
305221,14570,169,2023-08-24 04:03:42.000,2023-08-24 05:51:47.000,322,0.310000,294.000000,0.000000,0.000000
305243,14570,169,2023-08-24 06:00:00.000,2023-08-24 07:00:44.000,322,0.310000,109.000000,0.000000,20.800000
305248,14570,169,2023-08-24 07:00:44.000,2023-08-24 07:15:30.000,322,0.310000,0.000000,0.000000,14.759965
305254,14570,169,2023-08-24 07:15:30.000,2023-08-24 07:58:50.000,322,0.310000,124.000000,0.000000,0.000000
305264,14570,169,2023-08-24 07:58:50.000,2023-08-24 08:42:13.000,322,0.310000,118.000000,0.000000,0.000000
305280,14570,169,2023-08-24 08:42:13.000,2023-08-24 09:52:37.000,322,0.310000,0.000000,0.000000,70.393528
305296,14570,169,2023-08-24 09:52:37.000,2023-08-24 10:35:20.000,322,0.310000,111.000000,0.000000,2.333333
305305,14570,169,2023-08-24 10:35:20.000,2023-08-24 11:05:06.000,322,0.310000,0.000000,0.000000,29.759948
305329,14570,169,2023-08-24 11:05:06.000,2023-08-24 13:00:36.000,322,0.310000,292.000000,0.000000,2.116667
305345,14570,169,2023-08-24 13:00:36.000,2023-08-24 13:51:27.000,322,0.310000,144.000000,0.000000,0.000000
305392,14570,169,2023-08-24 14:00:00.000,2023-08-24 18:04:06.000,322,0.310000,674.000000,4.000000,1.116667
305441,14570,169,2023-08-24 18:04:06.000,2023-08-24 21:52:13.000,322,0.310000,633.000000,0.000000,0.000000
305473,14570,169,2023-08-24 22:00:00.000,2023-08-25 01:57:22.000,322,0.310000,643.000000,0.000000,8.583333
305508,14570,169,2023-08-25 01:57:22.000,2023-08-25 05:50:26.000,322,0.310000,642.000000,0.000000,4.000000
305536,14570,169,2023-08-25 06:00:00.000,2023-08-25 07:59:01.000,322,0.310000,293.000000,0.000000,16.966667
305556,14570,169,2023-08-25 07:59:01.000,2023-08-25 09:58:58.000,322,0.310000,322.000000,0.000000,5.333333
305593,14570,169,2023-08-25 09:58:58.000,2023-08-25 12:58:26.000,322,0.310000,465.000000,0.000000,12.050000
305617,14570,169,2023-08-25 12:58:26.000,2023-08-25 13:58:18.000,322,0.310000,142.000000,0.000000,7.983333
305632,14570,169,2023-08-25 13:58:18.000,2023-08-25 14:00:00.000,322,0.310000,0.000000,0.000000,1.700000
305631,14570,169,2023-08-25 14:00:00.000,2023-08-25 15:07:13.000,322,0.310000,0.000000,0.000000,67.203863
305666,14570,169,2023-08-25 15:07:13.000,2023-08-25 18:04:19.000,322,0.310000,492.000000,2.000000,1.000000
305714,14570,169,2023-08-25 18:04:19.000,2023-08-25 21:51:19.000,322,0.310000,637.000000,0.000000,0.000000
305750,14570,169,2023-08-25 22:00:00.000,2023-08-26 01:58:19.000,322,0.310000,635.000000,0.000000,7.183333
305783,14570,169,2023-08-26 01:58:19.000,2023-08-26 05:53:17.000,322,0.310000,650.000000,4.000000,4.000000
305877,14570,169,2023-08-26 22:00:00.000,2023-08-27 00:20:22.000,322,0.310000,336.000000,0.000000,20.050000
305884,14597,169,2023-08-27 00:20:22.000,2023-08-27 01:57:18.000,265,0.320000,197.000000,7.000000,0.000000
305898,14597,169,2023-08-27 01:57:18.000,2023-08-27 05:44:20.000,265,0.320000,625.000000,0.000000,2.366667
305941,14602,169,2023-08-28 06:00:00.000,2023-08-28 10:01:46.000,265,0.320000,576.000000,3.000000,33.416667
305968,14602,169,2023-08-28 10:01:46.000,2023-08-28 13:31:14.000,265,0.320000,574.000000,0.000000,3.716667
306008,14602,169,2023-08-28 14:00:00.000,2023-08-28 17:58:17.000,265,0.320000,694.000000,7.000000,0.000000
306043,14602,169,2023-08-28 17:58:17.000,2023-08-28 21:50:24.000,265,0.320000,798.000000,0.000000,0.000000
306092,14602,169,2023-08-28 22:00:00.000,2023-08-29 01:34:36.000,265,0.320000,772.000000,0.000000,5.983333
306105,14602,169,2023-08-29 01:34:36.000,2023-08-29 02:33:15.000,265,0.320000,0.000000,0.000000,58.648815
306147,14602,169,2023-08-29 02:33:15.000,2023-08-29 05:52:40.000,265,0.320000,148.000000,5.000000,7.600000
306156,14602,169,2023-08-29 06:00:00.000,2023-08-29 06:18:28.000,265,0.320000,26.000000,0.000000,2.200000
306160,14602,169,2023-08-29 06:18:28.000,2023-08-29 06:54:38.000,265,0.320000,0.000000,0.000000,36.156939
306206,14602,169,2023-08-29 06:54:38.000,2023-08-29 10:21:31.000,265,0.320000,486.000000,0.000000,5.133333
306260,14616,169,2023-08-29 10:21:31.000,2023-08-29 13:53:26.000,244,0.200000,560.000000,0.000000,0.000000
306274,14616,169,2023-08-29 14:00:00.000,2023-08-29 15:50:28.000,244,0.200000,418.000000,0.000000,9.333333
306276,14616,169,2023-08-29 15:50:28.000,2023-08-29 15:56:23.000,244,0.200000,0.000000,0.000000,5.916486
306291,14616,169,2023-08-29 15:56:23.000,2023-08-29 17:26:46.000,244,0.200000,0.000000,0.000000,90.372308
306293,14616,169,2023-08-29 17:26:46.000,2023-08-29 17:45:49.000,244,0.200000,0.000000,0.000000,0.000000
306304,14616,169,2023-08-29 17:45:49.000,2023-08-29 18:18:58.000,244,0.200000,0.000000,0.000000,33.144803
306328,14616,169,2023-08-29 18:18:58.000,2023-08-29 21:50:39.000,244,0.200000,672.000000,10.000000,0.000000
306404,14616,169,2023-08-29 22:00:00.000,2023-08-30 05:40:51.000,244,0.200000,1134.000000,0.000000,13.466666
306541,14626,169,2023-08-30 14:00:00.000,2023-08-30 18:00:16.000,297,0.320000,116.000000,18.000000,8.666667
306568,14626,169,2023-08-30 18:00:16.000,2023-08-30 21:47:28.000,297,0.320000,368.000000,101.000000,11.816667
306580,14626,169,2023-08-30 22:00:00.000,2023-08-30 23:04:09.000,297,0.320000,85.000000,26.000000,0.000000
306593,14626,169,2023-08-30 23:04:09.000,2023-08-31 00:40:41.000,297,0.320000,136.000000,55.000000,15.316667
306600,14626,169,2023-08-31 00:40:41.000,2023-08-31 01:04:14.000,297,0.320000,23.000000,15.000000,5.733333
306611,14626,169,2023-08-31 01:04:14.000,2023-08-31 01:58:32.000,297,0.320000,109.000000,9.000000,0.000000
306621,14626,169,2023-08-31 01:58:32.000,2023-08-31 02:59:41.000,297,0.320000,108.000000,17.000000,2.316667
306636,14626,169,2023-08-31 02:59:41.000,2023-08-31 04:02:16.000,297,0.320000,98.000000,39.000000,3.466667
306645,14626,169,2023-08-31 04:02:16.000,2023-08-31 05:00:28.000,297,0.320000,116.000000,14.000000,0.000000
306662,14626,169,2023-08-31 05:00:28.000,2023-08-31 05:52:03.000,297,0.320000,118.000000,9.000000,0.000000
306751,14626,169,2023-08-31 06:00:00.000,2023-08-31 13:50:41.000,297,0.320000,520.000000,2.000000,9.616667
306800,14626,169,2023-08-31 14:00:00.000,2023-08-31 18:01:53.000,297,0.320000,580.000000,1.000000,17.366667
306812,14626,169,2023-08-31 18:01:53.000,2023-08-31 19:01:04.000,297,0.320000,109.000000,3.000000,16.683333
306817,14626,169,2023-08-31 19:01:04.000,2023-08-31 19:59:35.000,297,0.320000,150.000000,0.000000,0.000000
306841,14626,169,2023-08-31 19:59:35.000,2023-08-31 21:53:18.000,297,0.320000,285.000000,0.000000,2.733333
306852,14626,169,2023-08-31 22:00:00.000,2023-08-31 22:36:46.000,297,0.320000,70.000000,0.000000,0.000000
306859,14626,169,2023-08-31 22:36:46.000,2023-08-31 23:32:35.000,297,0.320000,0.000000,0.000000,55.816626
306875,14626,169,2023-08-31 23:32:35.000,2023-09-01 00:58:50.000,297,0.320000,216.000000,1.000000,0.000000
306882,14626,169,2023-09-01 00:58:50.000,2023-09-01 01:37:42.000,297,0.320000,102.000000,0.000000,0.000000
306891,14626,169,2023-09-01 01:37:42.000,2023-09-01 02:05:18.000,297,0.320000,0.000000,0.000000,27.595263
306895,14626,169,2023-09-01 02:05:18.000,2023-09-01 02:32:16.000,297,0.320000,183.000000,4.000000,0.000000
306901,14626,169,2023-09-01 02:32:16.000,2023-09-01 03:01:13.000,297,0.320000,0.000000,0.000000,28.941226
306912,14626,169,2023-09-01 03:01:13.000,2023-09-01 03:59:52.000,297,0.320000,149.000000,0.000000,0.000000
306920,14626,169,2023-09-01 03:59:52.000,2023-09-01 04:58:58.000,297,0.320000,146.000000,2.000000,0.000000
306936,14626,169,2023-09-01 04:58:58.000,2023-09-01 05:51:48.000,297,0.320000,112.000000,6.000000,5.100000
306982,14626,169,2023-09-01 06:00:00.000,2023-09-01 10:22:05.000,297,0.320000,590.000000,2.000000,32.550000
307031,14626,169,2023-09-01 10:22:05.000,2023-09-01 13:51:59.000,297,0.320000,522.000000,3.000000,5.300000
307062,14626,169,2023-09-01 14:00:00.000,2023-09-01 17:48:53.000,297,0.320000,528.000000,0.000000,24.366667
307076,14626,169,2023-09-01 17:48:53.000,2023-09-01 18:55:03.000,297,0.320000,161.000000,4.000000,3.000000
307084,14626,169,2023-09-01 18:55:03.000,2023-09-01 19:46:24.000,297,0.320000,111.000000,3.000000,5.516667
307107,14626,169,2023-09-01 19:46:24.000,2023-09-01 21:50:39.000,297,0.320000,312.000000,10.000000,3.000000
307134,14626,169,2023-09-01 22:00:00.000,2023-09-02 00:00:06.000,297,0.320000,256.000000,8.000000,14.533333
307149,14626,169,2023-09-02 00:00:06.000,2023-09-02 01:03:57.000,297,0.320000,146.000000,2.000000,8.400000
307162,14626,169,2023-09-02 01:03:57.000,2023-09-02 02:01:08.000,297,0.320000,144.000000,3.000000,0.000000
307170,14626,169,2023-09-02 02:01:08.000,2023-09-02 02:58:20.000,297,0.320000,120.000000,2.000000,10.833333
307180,14626,169,2023-09-02 02:58:20.000,2023-09-02 03:59:15.000,297,0.320000,149.000000,1.000000,3.816667
307196,14626,169,2023-09-02 03:59:15.000,2023-09-02 05:03:46.000,297,0.320000,149.000000,0.000000,6.000000
307217,14626,169,2023-09-02 05:03:46.000,2023-09-02 05:52:14.000,297,0.320000,81.000000,21.000000,6.100000
307373,14651,169,2023-09-04 06:00:00.000,2023-09-04 09:58:38.000,297,0.320000,660.000000,12.000000,48.950000
307410,14651,169,2023-09-04 09:58:38.000,2023-09-04 13:50:50.000,297,0.320000,592.000000,5.000000,0.000000
307447,14651,169,2023-09-04 14:00:00.000,2023-09-04 16:01:01.000,297,0.320000,303.000000,0.000000,4.666667
307468,14651,169,2023-09-04 16:01:01.000,2023-09-04 17:58:39.000,297,0.320000,286.000000,5.000000,2.616667
307495,14651,169,2023-09-04 17:58:39.000,2023-09-04 20:00:11.000,297,0.320000,295.000000,6.000000,6.366667
307531,14651,169,2023-09-04 20:00:11.000,2023-09-04 21:51:09.000,297,0.320000,263.000000,4.000000,4.933333
307583,14651,169,2023-09-04 22:00:00.000,2023-09-05 02:20:54.000,297,0.320000,647.000000,14.000000,5.766667
307630,14651,169,2023-09-05 02:20:54.000,2023-09-05 05:53:10.000,297,0.320000,506.000000,4.000000,11.650000
291176,13966,170,2023-06-01 01:55:04.000,2023-06-01 03:52:28.000,297,0.320000,294.000000,18.000000,3.300000
291205,13966,170,2023-06-01 03:52:28.000,2023-06-01 05:49:50.000,297,0.320000,297.000000,5.000000,7.566667
291251,14021,170,2023-06-06 06:00:00.000,2023-06-06 09:58:46.000,297,0.320000,613.000000,3.000000,10.783333
291310,14021,170,2023-06-06 09:58:46.000,2023-06-06 13:53:34.000,297,0.320000,636.000000,0.000000,3.816667
291322,14021,170,2023-06-06 14:00:00.000,2023-06-06 15:55:42.000,297,0.320000,304.000000,4.000000,1.050000
291332,14021,170,2023-06-06 15:55:42.000,2023-06-06 16:29:08.000,297,0.320000,73.000000,0.000000,0.000000
291368,14021,170,2023-06-06 16:29:08.000,2023-06-06 21:37:19.000,297,0.320000,22.000000,0.000000,0.000000
291405,14021,170,2023-06-06 22:00:00.000,2023-06-07 00:24:04.000,297,0.320000,258.000000,1.000000,0.000000
291526,14021,170,2023-06-07 06:00:00.000,2023-06-07 10:05:24.000,297,0.320000,629.000000,21.000000,7.033333
291565,14021,170,2023-06-07 10:05:24.000,2023-06-07 13:42:42.000,297,0.320000,565.000000,0.000000,14.050000
291600,14037,170,2023-06-07 14:00:00.000,2023-06-07 17:54:15.000,370,0.350000,162.000000,63.000000,11.499999
291617,14037,170,2023-06-07 17:54:15.000,2023-06-07 19:53:11.000,370,0.350000,290.000000,27.000000,2.000000
291634,14037,170,2023-06-07 19:53:11.000,2023-06-07 21:14:35.000,370,0.350000,52.000000,137.000000,11.766667
291643,14037,170,2023-06-07 21:14:35.000,2023-06-07 21:51:28.000,370,0.350000,68.000000,26.000000,2.000000
291653,14037,170,2023-06-07 22:00:00.000,2023-06-07 22:59:28.000,370,0.350000,136.000000,10.000000,5.916667
291668,14037,170,2023-06-07 22:59:28.000,2023-06-08 00:02:49.000,370,0.350000,110.000000,60.000000,0.000000
291683,14037,170,2023-06-08 00:02:49.000,2023-06-08 01:02:55.000,370,0.350000,51.000000,82.000000,2.916667
291695,14037,170,2023-06-08 01:02:55.000,2023-06-08 01:59:33.000,370,0.350000,120.000000,32.000000,0.000000
291707,14037,170,2023-06-08 01:59:33.000,2023-06-08 03:00:49.000,370,0.350000,168.000000,0.000000,0.000000
291730,14037,170,2023-06-08 03:00:49.000,2023-06-08 04:01:25.000,370,0.350000,163.000000,2.000000,0.000000
291737,14037,170,2023-06-08 04:01:25.000,2023-06-08 05:00:31.000,370,0.350000,154.000000,0.000000,0.000000
291753,14037,170,2023-06-08 05:00:31.000,2023-06-08 05:52:45.000,370,0.350000,138.000000,0.000000,0.000000
291817,14037,170,2023-06-08 06:00:00.000,2023-06-08 10:37:09.000,370,0.350000,708.000000,9.000000,12.916667
291866,14037,170,2023-06-08 10:37:09.000,2023-06-08 13:50:36.000,370,0.350000,460.000000,49.000000,0.000000
291895,14037,170,2023-06-08 14:00:00.000,2023-06-08 17:50:15.000,370,0.350000,483.000000,92.000000,15.916667
291919,14037,170,2023-06-08 17:50:15.000,2023-06-08 20:50:43.000,370,0.350000,460.000000,18.000000,4.950000
291937,14037,170,2023-06-08 20:50:43.000,2023-06-08 21:52:09.000,370,0.350000,149.000000,1.000000,4.083333
291950,14037,170,2023-06-08 22:00:00.000,2023-06-08 22:58:47.000,370,0.350000,150.000000,0.000000,3.650000
291961,14037,170,2023-06-08 22:58:47.000,2023-06-08 23:58:43.000,370,0.350000,160.000000,1.000000,0.000000
291973,14037,170,2023-06-08 23:58:43.000,2023-06-09 00:58:18.000,370,0.350000,143.000000,1.000000,4.800000
291985,14037,170,2023-06-09 00:58:18.000,2023-06-09 01:38:25.000,370,0.350000,105.000000,1.000000,0.000000
292000,14045,170,2023-06-09 01:38:25.000,2023-06-09 02:59:35.000,322,0.310000,67.000000,1.000000,58.916667
292013,14045,170,2023-06-09 02:59:35.000,2023-06-09 03:59:15.000,322,0.310000,166.000000,0.000000,3.483333
292024,14045,170,2023-06-09 03:59:15.000,2023-06-09 04:58:25.000,322,0.310000,104.000000,7.000000,4.450000
292046,14045,170,2023-06-09 04:58:25.000,2023-06-09 05:53:32.000,322,0.310000,105.000000,0.000000,5.800000
292097,14045,170,2023-06-09 06:00:00.000,2023-06-09 09:58:16.000,322,0.310000,690.000000,0.000000,4.883333
292166,14045,170,2023-06-09 09:58:16.000,2023-06-09 13:53:26.000,322,0.310000,693.000000,0.000000,3.600000
292194,14045,170,2023-06-09 14:00:00.000,2023-06-09 17:50:43.000,322,0.310000,699.000000,0.000000,0.000000
292230,14045,170,2023-06-09 17:50:43.000,2023-06-09 21:51:59.000,322,0.310000,720.000000,0.000000,4.500000
292238,14045,170,2023-06-09 22:00:00.000,2023-06-09 23:00:22.000,322,0.310000,164.000000,1.000000,5.183333
292249,14045,170,2023-06-09 23:00:22.000,2023-06-09 23:59:29.000,322,0.310000,166.000000,8.000000,0.000000
292262,14045,170,2023-06-09 23:59:29.000,2023-06-10 00:58:58.000,322,0.310000,162.000000,12.000000,0.000000
292275,14045,170,2023-06-10 00:58:58.000,2023-06-10 01:58:30.000,322,0.310000,179.000000,0.000000,0.000000
292291,14045,170,2023-06-10 01:58:30.000,2023-06-10 02:59:35.000,322,0.310000,173.000000,1.000000,0.000000
292304,14045,170,2023-06-10 02:59:35.000,2023-06-10 04:00:00.000,322,0.310000,176.000000,0.000000,0.000000
292320,14045,170,2023-06-10 04:00:00.000,2023-06-10 05:00:40.000,322,0.310000,184.000000,0.000000,0.000000
292338,14045,170,2023-06-10 05:00:40.000,2023-06-10 05:52:38.000,322,0.310000,154.000000,0.000000,0.000000
292360,14045,170,2023-06-10 06:00:00.000,2023-06-10 07:51:29.000,322,0.310000,250.000000,0.000000,9.816666
292382,14045,170,2023-06-10 07:51:29.000,2023-06-10 09:54:13.000,322,0.310000,375.000000,0.000000,4.000000
292397,14045,170,2023-06-10 09:54:13.000,2023-06-10 11:02:54.000,322,0.310000,207.000000,0.000000,0.000000
292401,14045,170,2023-06-10 11:02:54.000,2023-06-10 11:08:48.000,322,0.310000,0.000000,0.000000,5.893646
292413,14045,170,2023-06-10 11:08:48.000,2023-06-10 12:20:28.000,322,0.310000,200.000000,0.000000,2.716667
292414,14045,170,2023-06-10 12:20:28.000,2023-06-10 12:34:22.000,322,0.310000,0.000000,0.000000,13.888040
292433,14045,170,2023-06-10 12:34:22.000,2023-06-10 13:52:36.000,322,0.310000,232.000000,0.000000,3.750000
292442,14045,170,2023-06-10 14:00:00.000,2023-06-10 14:59:16.000,322,0.310000,147.000000,5.000000,1.850000
292447,14045,170,2023-06-10 14:59:16.000,2023-06-10 16:40:37.000,322,0.310000,285.000000,5.000000,0.000000
292517,14068,170,2023-06-12 06:00:00.000,2023-06-12 09:18:57.000,322,0.310000,201.000000,4.000000,0.000000
292560,14081,170,2023-06-12 09:18:57.000,2023-06-12 13:50:39.000,333,0.400000,519.000000,6.000000,50.616667
292580,14081,170,2023-06-12 14:00:00.000,2023-06-12 15:59:49.000,333,0.400000,80.000000,0.000000,0.000000
292587,14081,170,2023-06-12 15:59:49.000,2023-06-12 16:58:32.000,333,0.400000,139.000000,1.000000,2.533333
292601,14081,170,2023-06-12 16:58:32.000,2023-06-12 17:59:06.000,333,0.400000,54.000000,0.000000,0.000000
292611,14081,170,2023-06-12 17:59:06.000,2023-06-12 18:59:38.000,333,0.400000,146.000000,1.000000,0.000000
292622,14081,170,2023-06-12 18:59:38.000,2023-06-12 19:59:59.000,333,0.400000,154.000000,0.000000,0.000000
292635,14081,170,2023-06-12 19:59:59.000,2023-06-12 21:00:05.000,333,0.400000,145.000000,0.000000,2.416667
292653,14081,170,2023-06-12 21:00:05.000,2023-06-12 21:51:54.000,333,0.400000,130.000000,0.000000,0.000000
292662,14081,170,2023-06-12 22:00:00.000,2023-06-12 22:25:53.000,333,0.400000,16.000000,0.000000,3.833333
292665,14081,170,2023-06-12 22:25:53.000,2023-06-12 22:52:28.000,333,0.400000,0.000000,0.000000,26.581169
292708,14081,170,2023-06-12 22:52:28.000,2023-06-13 01:58:04.000,333,0.400000,464.000000,0.000000,0.000000
292764,14081,170,2023-06-13 01:58:04.000,2023-06-13 05:52:06.000,333,0.400000,583.000000,1.000000,0.000000
292806,14081,170,2023-06-13 06:00:00.000,2023-06-13 09:57:16.000,333,0.400000,568.000000,5.000000,0.000000
292857,14081,170,2023-06-13 09:57:16.000,2023-06-13 13:53:10.000,333,0.400000,567.000000,3.000000,6.266667
292863,14081,170,2023-06-13 14:00:00.000,2023-06-13 14:23:41.000,333,0.400000,33.000000,0.000000,8.533333
292895,14081,170,2023-06-13 14:23:41.000,2023-06-13 17:28:13.000,333,0.400000,0.000000,0.000000,184.531051
292899,14081,170,2023-06-13 17:28:13.000,2023-06-13 17:59:50.000,333,0.400000,81.000000,0.000000,0.000000
292914,14081,170,2023-06-13 17:59:50.000,2023-06-13 18:58:51.000,333,0.400000,143.000000,0.000000,2.383333
292927,14081,170,2023-06-13 18:58:51.000,2023-06-13 19:58:50.000,333,0.400000,151.000000,0.000000,0.000000
292948,14081,170,2023-06-13 19:58:50.000,2023-06-13 21:00:34.000,333,0.400000,140.000000,2.000000,3.566667
292964,14081,170,2023-06-13 21:00:34.000,2023-06-13 21:51:33.000,333,0.400000,120.000000,0.000000,2.600000
293043,14081,170,2023-06-13 22:00:00.000,2023-06-14 04:19:19.000,333,0.400000,751.000000,0.000000,12.316667
293248,14098,170,2023-06-14 14:00:00.000,2023-06-14 21:00:51.000,332,0.380000,182.000000,0.000000,0.000000
293267,14098,170,2023-06-14 21:00:51.000,2023-06-14 21:53:14.000,332,0.380000,126.000000,0.000000,0.000000
293312,14098,170,2023-06-14 22:00:00.000,2023-06-15 01:54:58.000,332,0.380000,481.000000,0.000000,18.366667
293373,14098,170,2023-06-15 01:54:58.000,2023-06-15 05:52:13.000,332,0.380000,540.000000,0.000000,10.916667
293409,14098,170,2023-06-15 06:00:00.000,2023-06-15 09:55:09.000,332,0.380000,533.000000,0.000000,17.266667
293463,14098,170,2023-06-15 09:55:09.000,2023-06-15 13:53:53.000,332,0.380000,547.000000,0.000000,8.983333
293484,14098,170,2023-06-15 14:00:00.000,2023-06-15 15:04:40.000,332,0.380000,115.000000,0.000000,18.483333
293513,14105,170,2023-06-15 15:04:40.000,2023-06-15 17:12:16.000,238,0.390000,79.000000,0.000000,42.633333
293544,14105,170,2023-06-15 17:12:16.000,2023-06-15 20:00:09.000,238,0.390000,441.000000,2.000000,2.466667
293552,14105,170,2023-06-15 20:00:09.000,2023-06-15 20:27:43.000,238,0.390000,58.000000,0.000000,3.416667
293578,14109,170,2023-06-15 20:27:43.000,2023-06-15 21:50:42.000,297,0.320000,14.000000,0.000000,50.000000
293628,14109,170,2023-06-15 22:00:00.000,2023-06-16 01:55:51.000,297,0.320000,544.000000,5.000000,33.000000
293692,14109,170,2023-06-16 01:55:51.000,2023-06-16 05:54:22.000,297,0.320000,626.000000,0.000000,9.233333
293712,14109,170,2023-06-16 06:00:00.000,2023-06-16 08:59:56.000,297,0.320000,462.000000,3.000000,7.483333
293751,14109,170,2023-06-16 08:59:56.000,2023-06-16 13:25:47.000,297,0.320000,18.000000,0.000000,260.550000
293776,14109,170,2023-06-16 14:00:00.000,2023-06-16 15:00:24.000,297,0.320000,67.000000,4.000000,0.000000
293917,14109,170,2023-06-16 22:00:00.000,2023-06-17 01:57:57.000,297,0.320000,626.000000,14.000000,6.050000
293962,14109,170,2023-06-17 01:57:57.000,2023-06-17 05:48:29.000,297,0.320000,612.000000,14.000000,3.000000
294019,14109,170,2023-06-17 06:00:00.000,2023-06-17 13:51:18.000,297,0.320000,533.000000,7.000000,7.133333
294028,14109,170,2023-06-17 14:00:00.000,2023-06-17 15:01:53.000,297,0.320000,144.000000,3.000000,9.450000
294035,14109,170,2023-06-17 15:01:53.000,2023-06-17 16:00:58.000,297,0.320000,166.000000,1.000000,0.000000
294056,14109,170,2023-06-17 16:00:58.000,2023-06-17 18:06:03.000,297,0.320000,336.000000,3.000000,2.433333
294062,14109,170,2023-06-17 18:06:03.000,2023-06-17 19:04:15.000,297,0.320000,160.000000,0.000000,0.000000
294069,14109,170,2023-06-17 19:04:15.000,2023-06-17 20:02:42.000,297,0.320000,126.000000,6.000000,3.016667
294086,14109,170,2023-06-17 20:02:42.000,2023-06-17 21:50:25.000,297,0.320000,298.000000,0.000000,0.000000
294098,14123,170,2023-06-19 06:00:00.000,2023-06-19 06:59:13.000,297,0.320000,127.000000,2.000000,12.883333
294108,14123,170,2023-06-19 06:59:13.000,2023-06-19 07:58:38.000,297,0.320000,150.000000,4.000000,3.133333
294124,14123,170,2023-06-19 07:58:38.000,2023-06-19 09:00:53.000,297,0.320000,160.000000,2.000000,0.000000
294134,14123,170,2023-06-19 09:00:53.000,2023-06-19 09:58:45.000,297,0.320000,162.000000,2.000000,0.000000
294147,14123,170,2023-06-19 09:58:45.000,2023-06-19 10:59:19.000,297,0.320000,149.000000,3.000000,4.300000
294158,14123,170,2023-06-19 10:59:19.000,2023-06-19 11:59:21.000,297,0.320000,161.000000,0.000000,0.000000
294175,14123,170,2023-06-19 11:59:21.000,2023-06-19 12:59:57.000,297,0.320000,168.000000,1.000000,0.000000
294194,14123,170,2023-06-19 12:59:57.000,2023-06-19 13:51:21.000,297,0.320000,133.000000,1.000000,2.583333
294236,14123,170,2023-06-19 14:00:00.000,2023-06-19 17:56:06.000,297,0.320000,656.000000,3.000000,0.000000
294284,14123,170,2023-06-19 17:56:06.000,2023-06-19 21:51:28.000,297,0.320000,604.000000,4.000000,10.133333
294299,14123,170,2023-06-19 22:00:00.000,2023-06-19 23:55:32.000,297,0.320000,292.000000,4.000000,8.683333
294316,14123,170,2023-06-19 23:55:32.000,2023-06-20 01:55:39.000,297,0.320000,313.000000,4.000000,4.866667
294334,14123,170,2023-06-20 01:55:39.000,2023-06-20 03:50:50.000,297,0.320000,295.000000,8.000000,2.000000
294357,14123,170,2023-06-20 03:50:50.000,2023-06-20 05:52:06.000,297,0.320000,329.000000,7.000000,0.000000
294374,14123,170,2023-06-20 06:00:00.000,2023-06-20 07:06:39.000,297,0.320000,166.000000,0.000000,8.333333
294384,14123,170,2023-06-20 07:06:39.000,2023-06-20 08:03:06.000,297,0.320000,137.000000,2.000000,2.816667
294391,14123,170,2023-06-20 08:03:06.000,2023-06-20 08:59:06.000,297,0.320000,135.000000,1.000000,0.000000
294400,14123,170,2023-06-20 08:59:06.000,2023-06-20 09:48:23.000,297,0.320000,137.000000,1.000000,0.000000
294415,14123,170,2023-06-20 09:48:23.000,2023-06-20 10:32:29.000,297,0.320000,76.000000,1.000000,0.000000
294438,14159,170,2023-06-20 10:32:29.000,2023-06-20 12:59:58.000,232,0.330000,111.000000,1.000000,62.633333
294455,14159,170,2023-06-20 12:59:58.000,2023-06-20 13:51:37.000,232,0.330000,145.000000,3.000000,0.000000
294489,14159,170,2023-06-20 14:00:00.000,2023-06-20 16:15:50.000,232,0.330000,398.000000,3.000000,7.800000
294522,14164,170,2023-06-20 16:15:50.000,2023-06-20 19:39:15.000,566,0.340000,292.000000,13.000000,84.450000
294636,14167,170,2023-06-20 22:00:00.000,2023-06-21 05:52:26.000,227,0.350000,392.000000,0.000000,8.366667
294715,14167,170,2023-06-21 06:00:00.000,2023-06-21 10:59:55.000,227,0.350000,129.000000,0.000000,0.000000
294727,14167,170,2023-06-21 10:59:55.000,2023-06-21 11:58:50.000,227,0.350000,164.000000,1.000000,0.000000
294742,14167,170,2023-06-21 11:58:50.000,2023-06-21 12:58:17.000,227,0.350000,159.000000,1.000000,2.116667
294768,14167,170,2023-06-21 12:58:17.000,2023-06-21 13:51:54.000,227,0.350000,160.000000,0.000000,0.000000
294811,14167,170,2023-06-21 14:00:00.000,2023-06-21 17:56:49.000,227,0.350000,660.000000,2.000000,7.750000
294865,14167,170,2023-06-21 17:56:49.000,2023-06-21 21:51:14.000,227,0.350000,673.000000,2.000000,3.183333
294896,14167,170,2023-06-21 22:00:00.000,2023-06-22 01:48:39.000,227,0.350000,651.000000,0.000000,4.450000
294936,14167,170,2023-06-22 01:48:39.000,2023-06-22 05:52:34.000,227,0.350000,703.000000,0.000000,0.000000
294959,14167,170,2023-06-22 06:00:00.000,2023-06-22 07:02:46.000,227,0.350000,157.000000,1.000000,6.233333
294988,14180,170,2023-06-22 07:02:46.000,2023-06-22 09:00:20.000,355,0.300000,111.000000,2.000000,60.316666
295000,14180,170,2023-06-22 09:00:20.000,2023-06-22 09:59:08.000,355,0.300000,163.000000,1.000000,4.700000
295026,14180,170,2023-06-22 09:59:08.000,2023-06-22 11:19:22.000,355,0.300000,227.000000,0.000000,0.000000
295029,14180,170,2023-06-22 11:19:22.000,2023-06-22 11:34:55.000,355,0.300000,0.000000,0.000000,15.548779
295040,14180,170,2023-06-22 11:34:55.000,2023-06-22 12:00:44.000,355,0.300000,101.000000,0.000000,0.000000
295051,14180,170,2023-06-22 12:00:44.000,2023-06-22 12:45:07.000,355,0.300000,124.000000,0.000000,0.000000
295107,14180,170,2023-06-22 14:00:00.000,2023-06-22 18:00:44.000,355,0.300000,564.000000,1.000000,3.833333
295152,14180,170,2023-06-22 18:00:44.000,2023-06-22 21:53:03.000,355,0.300000,663.000000,0.000000,4.250000
295170,14180,170,2023-06-22 22:00:00.000,2023-06-22 23:59:00.000,355,0.300000,318.000000,3.000000,12.433333
295185,14180,170,2023-06-22 23:59:00.000,2023-06-23 01:50:18.000,355,0.300000,320.000000,0.000000,0.000000
295213,14180,170,2023-06-23 01:50:18.000,2023-06-23 04:55:22.000,355,0.300000,531.000000,3.000000,2.066667
295232,14180,170,2023-06-23 04:55:22.000,2023-06-23 05:53:41.000,355,0.300000,164.000000,0.000000,0.000000
295310,14180,170,2023-06-23 06:00:00.000,2023-06-23 12:03:16.000,355,0.300000,117.000000,0.000000,0.000000
295380,14180,170,2023-06-23 14:00:00.000,2023-06-23 17:59:30.000,355,0.300000,640.000000,1.000000,24.433333
295424,14180,170,2023-06-23 17:59:30.000,2023-06-23 21:50:33.000,355,0.300000,660.000000,3.000000,6.200000
295439,14180,170,2023-06-23 22:00:00.000,2023-06-23 23:10:45.000,355,0.300000,200.000000,0.000000,0.000000
295508,14194,170,2023-06-24 06:00:00.000,2023-06-24 06:58:32.000,367,0.310000,145.000000,1.000000,8.500000
295519,14194,170,2023-06-24 06:58:32.000,2023-06-24 07:59:35.000,367,0.310000,174.000000,8.000000,0.000000
295540,14194,170,2023-06-24 07:59:35.000,2023-06-24 09:00:55.000,367,0.310000,160.000000,3.000000,6.850000
295547,14194,170,2023-06-24 09:00:55.000,2023-06-24 09:59:35.000,367,0.310000,174.000000,0.000000,0.000000
295567,14194,170,2023-06-24 09:59:35.000,2023-06-24 12:00:16.000,367,0.310000,346.000000,1.000000,4.433333
295574,14194,170,2023-06-24 12:00:16.000,2023-06-24 12:49:13.000,367,0.310000,99.000000,9.000000,0.000000
295588,14194,170,2023-06-24 12:49:13.000,2023-06-24 13:33:36.000,367,0.310000,0.000000,0.000000,44.368155
295596,14194,170,2023-06-24 13:33:36.000,2023-06-24 13:53:00.000,367,0.310000,33.000000,0.000000,1.866667
295658,14217,170,2023-06-26 06:00:00.000,2023-06-26 08:39:26.000,367,0.310000,367.000000,0.000000,31.166667
295671,14217,170,2023-06-26 08:39:26.000,2023-06-26 09:24:42.000,367,0.310000,0.000000,0.000000,45.262528
295678,14217,170,2023-06-26 09:24:42.000,2023-06-26 10:00:34.000,367,0.310000,0.000000,0.000000,0.000000
295731,14217,170,2023-06-26 10:00:34.000,2023-06-26 13:50:43.000,367,0.310000,683.000000,10.000000,0.000000
295770,14217,170,2023-06-26 14:00:00.000,2023-06-26 17:52:14.000,367,0.310000,662.000000,2.000000,11.833333
295808,14217,170,2023-06-26 17:52:14.000,2023-06-26 21:29:02.000,367,0.310000,603.000000,3.000000,5.400000
295825,14217,170,2023-06-26 22:00:00.000,2023-06-26 22:59:22.000,367,0.310000,165.000000,0.000000,3.066667
295833,14217,170,2023-06-26 22:59:22.000,2023-06-26 23:07:46.000,367,0.310000,24.000000,0.000000,0.000000
295864,14217,170,2023-06-26 23:07:46.000,2023-06-27 01:55:42.000,367,0.310000,0.000000,0.000000,167.928889
295883,14217,170,2023-06-27 01:55:42.000,2023-06-27 02:59:45.000,367,0.310000,95.000000,1.000000,0.000000
295901,14217,170,2023-06-27 02:59:45.000,2023-06-27 04:01:27.000,367,0.310000,177.000000,2.000000,3.416667
295911,14217,170,2023-06-27 04:01:27.000,2023-06-27 05:00:09.000,367,0.310000,163.000000,3.000000,2.750000
295924,14217,170,2023-06-27 05:00:09.000,2023-06-27 05:52:35.000,367,0.310000,155.000000,0.000000,0.000000
295984,14217,170,2023-06-27 06:00:00.000,2023-06-27 09:59:46.000,367,0.310000,697.000000,2.000000,5.016667
295997,14217,170,2023-06-27 09:59:46.000,2023-06-27 11:19:44.000,367,0.310000,154.000000,0.000000,0.000000
296029,14217,170,2023-06-27 11:19:44.000,2023-06-27 12:29:57.000,367,0.310000,0.000000,0.000000,70.207473
296062,14217,170,2023-06-27 12:29:57.000,2023-06-27 13:52:29.000,367,0.310000,230.000000,1.000000,2.000000
296096,14217,170,2023-06-27 14:00:00.000,2023-06-27 17:51:13.000,367,0.310000,695.000000,1.000000,4.000000
296133,14217,170,2023-06-27 17:51:13.000,2023-06-27 21:50:55.000,367,0.310000,702.000000,0.000000,4.166667
296149,14217,170,2023-06-27 22:00:00.000,2023-06-27 22:58:58.000,367,0.310000,164.000000,0.000000,5.700000
296166,14217,170,2023-06-27 22:58:58.000,2023-06-27 23:59:01.000,367,0.310000,179.000000,1.000000,0.000000
296180,14217,170,2023-06-27 23:59:01.000,2023-06-28 01:00:22.000,367,0.310000,184.000000,0.000000,0.000000
296189,14217,170,2023-06-28 01:00:22.000,2023-06-28 01:58:28.000,367,0.310000,161.000000,1.000000,2.316667
296202,14217,170,2023-06-28 01:58:28.000,2023-06-28 02:50:24.000,367,0.310000,154.000000,2.000000,0.000000
296431,14242,170,2023-06-28 14:00:00.000,2023-06-28 20:53:43.000,227,0.350000,470.000000,3.000000,4.766666
296446,14242,170,2023-06-28 20:53:43.000,2023-06-28 21:52:41.000,227,0.350000,154.000000,0.000000,0.000000
296455,14242,170,2023-06-28 22:00:00.000,2023-06-28 22:18:36.000,227,0.350000,11.000000,0.000000,7.016666
296467,14242,170,2023-06-28 22:18:36.000,2023-06-28 23:04:10.000,227,0.350000,0.000000,0.000000,45.554955
296479,14242,170,2023-06-28 23:04:10.000,2023-06-28 23:59:59.000,227,0.350000,145.000000,0.000000,0.000000
296493,14242,170,2023-06-28 23:59:59.000,2023-06-29 01:00:59.000,227,0.350000,177.000000,3.000000,0.000000
296501,14242,170,2023-06-29 01:00:59.000,2023-06-29 01:58:26.000,227,0.350000,134.000000,3.000000,2.366667
296521,14242,170,2023-06-29 01:58:26.000,2023-06-29 02:59:10.000,227,0.350000,175.000000,2.000000,0.000000
296531,14242,170,2023-06-29 02:59:10.000,2023-06-29 03:46:15.000,227,0.350000,99.000000,2.000000,0.000000
296561,14242,170,2023-06-29 03:46:15.000,2023-06-29 05:47:33.000,227,0.350000,0.000000,0.000000,121.289966
296564,14242,170,2023-06-29 05:47:33.000,2023-06-29 05:51:15.000,227,0.350000,8.000000,0.000000,0.000000
296638,14242,170,2023-06-29 06:00:00.000,2023-06-29 10:06:11.000,227,0.350000,647.000000,5.000000,19.466667
296691,14242,170,2023-06-29 10:06:11.000,2023-06-29 13:50:26.000,227,0.350000,578.000000,0.000000,8.883334
296741,14242,170,2023-06-29 14:00:00.000,2023-06-29 17:51:42.000,227,0.350000,580.000000,2.000000,11.100000
296793,14242,170,2023-06-29 17:51:42.000,2023-06-29 21:54:37.000,227,0.350000,648.000000,1.000000,0.000000
296803,14242,170,2023-06-29 22:00:00.000,2023-06-29 22:58:53.000,227,0.350000,154.000000,0.000000,5.500000
296833,14242,170,2023-06-29 22:58:53.000,2023-06-30 01:02:50.000,227,0.350000,349.000000,0.000000,3.283333
296849,14242,170,2023-06-30 01:02:50.000,2023-06-30 02:59:29.000,227,0.350000,314.000000,2.000000,0.000000
296863,14242,170,2023-06-30 02:59:29.000,2023-06-30 04:01:33.000,227,0.350000,152.000000,1.000000,2.050000
296879,14242,170,2023-06-30 04:01:33.000,2023-06-30 05:01:29.000,227,0.350000,172.000000,0.000000,0.000000
296889,14242,170,2023-06-30 05:01:29.000,2023-06-30 05:50:53.000,227,0.350000,135.000000,0.000000,0.000000
296948,14242,170,2023-06-30 06:00:00.000,2023-06-30 09:59:51.000,227,0.350000,662.000000,4.000000,12.733333
297014,14242,170,2023-06-30 09:59:51.000,2023-06-30 13:51:25.000,227,0.350000,650.000000,0.000000,3.416667
297053,14242,170,2023-06-30 14:00:00.000,2023-06-30 17:54:18.000,227,0.350000,640.000000,2.000000,7.983333
297086,14242,170,2023-06-30 17:54:18.000,2023-06-30 20:54:05.000,227,0.350000,479.000000,5.000000,4.550000
297099,14242,170,2023-06-30 20:54:05.000,2023-06-30 21:51:37.000,227,0.350000,142.000000,0.000000,2.300000
297117,14242,170,2023-06-30 22:00:00.000,2023-06-30 23:00:41.000,227,0.350000,141.000000,1.000000,10.333333
297133,14242,170,2023-06-30 23:00:41.000,2023-07-01 00:03:53.000,227,0.350000,165.000000,3.000000,0.000000
297143,14242,170,2023-07-01 00:03:53.000,2023-07-01 00:58:28.000,227,0.350000,133.000000,3.000000,0.000000
297169,14242,170,2023-07-01 00:58:28.000,2023-07-01 03:01:36.000,227,0.350000,182.000000,1.000000,0.000000
297182,14242,170,2023-07-01 03:01:36.000,2023-07-01 03:59:08.000,227,0.350000,162.000000,0.000000,0.000000
297191,14242,170,2023-07-01 03:59:08.000,2023-07-01 04:26:59.000,227,0.350000,55.000000,2.000000,0.000000
297221,14259,170,2023-07-01 04:26:59.000,2023-07-01 05:54:05.000,322,0.310000,46.000000,0.000000,50.000000
297259,14259,170,2023-07-01 06:00:00.000,2023-07-01 10:01:33.000,322,0.310000,699.000000,2.000000,7.783333
297293,14259,170,2023-07-01 10:01:33.000,2023-07-01 13:47:51.000,322,0.310000,669.000000,2.000000,4.233333
297312,14259,170,2023-07-01 14:00:00.000,2023-07-01 17:58:49.000,322,0.310000,734.000000,0.000000,1.883333
297329,14259,170,2023-07-01 17:58:49.000,2023-07-01 21:46:04.000,322,0.310000,678.000000,0.000000,2.083333
297362,14281,170,2023-07-03 06:00:00.000,2023-07-03 09:50:38.000,322,0.310000,581.000000,2.000000,37.933333
297383,14281,170,2023-07-03 09:50:38.000,2023-07-03 11:56:39.000,322,0.310000,383.000000,3.000000,2.000000
297398,14281,170,2023-07-03 11:56:39.000,2023-07-03 12:54:58.000,322,0.310000,161.000000,14.000000,0.000000
297407,14281,170,2023-07-03 12:54:58.000,2023-07-03 13:49:46.000,322,0.310000,156.000000,6.000000,0.000000
297428,14281,170,2023-07-03 14:00:00.000,2023-07-03 15:00:04.000,322,0.310000,161.000000,2.000000,7.566667
297441,14281,170,2023-07-03 15:00:04.000,2023-07-03 15:59:10.000,322,0.310000,165.000000,1.000000,2.250000
297450,14281,170,2023-07-03 15:59:10.000,2023-07-03 16:57:53.000,322,0.310000,178.000000,0.000000,0.000000
297461,14281,170,2023-07-03 16:57:53.000,2023-07-03 17:58:36.000,322,0.310000,177.000000,1.000000,2.716667
297482,14281,170,2023-07-03 17:58:36.000,2023-07-03 18:58:21.000,322,0.310000,179.000000,0.000000,0.000000
297498,14281,170,2023-07-03 18:58:21.000,2023-07-03 20:00:02.000,322,0.310000,181.000000,1.000000,2.183333
297511,14281,170,2023-07-03 20:00:02.000,2023-07-03 21:01:33.000,322,0.310000,178.000000,0.000000,2.233333
297527,14281,170,2023-07-03 21:01:33.000,2023-07-03 21:51:48.000,322,0.310000,153.000000,0.000000,0.000000
297588,14281,170,2023-07-03 22:00:00.000,2023-07-04 01:57:58.000,322,0.310000,661.000000,1.000000,16.833333
297636,14281,170,2023-07-04 01:57:58.000,2023-07-04 05:51:20.000,322,0.310000,608.000000,0.000000,26.816667
297652,14281,170,2023-07-04 06:00:00.000,2023-07-04 07:28:06.000,322,0.310000,219.000000,0.000000,11.200000
297653,14281,170,2023-07-04 07:28:06.000,2023-07-04 07:37:44.000,322,0.310000,0.000000,0.000000,9.628261
297673,14281,170,2023-07-04 07:37:44.000,2023-07-04 09:05:33.000,322,0.310000,247.000000,8.000000,4.700000
297678,14281,170,2023-07-04 09:05:33.000,2023-07-04 09:59:12.000,322,0.310000,0.000000,0.000000,53.639626
297706,14281,170,2023-07-04 09:59:12.000,2023-07-04 11:57:46.000,322,0.310000,301.000000,0.000000,0.000000
297730,14281,170,2023-07-04 11:57:46.000,2023-07-04 13:52:15.000,322,0.310000,342.000000,0.000000,10.000000
297748,14281,170,2023-07-04 14:00:00.000,2023-07-04 15:00:29.000,322,0.310000,154.000000,2.000000,10.000000
297757,14281,170,2023-07-04 15:00:29.000,2023-07-04 15:58:11.000,322,0.310000,173.000000,2.000000,0.000000
297775,14281,170,2023-07-04 15:58:11.000,2023-07-04 17:00:18.000,322,0.310000,184.000000,0.000000,2.433333
297782,14281,170,2023-07-04 17:00:18.000,2023-07-04 17:58:39.000,322,0.310000,167.000000,2.000000,2.266667
297803,14281,170,2023-07-04 17:58:39.000,2023-07-04 19:02:15.000,322,0.310000,189.000000,1.000000,0.000000
297816,14281,170,2023-07-04 19:02:15.000,2023-07-04 20:01:30.000,322,0.310000,180.000000,0.000000,0.000000
297827,14281,170,2023-07-04 20:01:30.000,2023-07-04 20:59:57.000,322,0.310000,178.000000,0.000000,0.000000
297846,14281,170,2023-07-04 20:59:57.000,2023-07-04 21:52:50.000,322,0.310000,161.000000,1.000000,0.000000
297972,14281,170,2023-07-05 06:00:00.000,2023-07-05 07:34:57.000,322,0.310000,202.000000,0.000000,31.883333
297995,14296,170,2023-07-05 07:34:57.000,2023-07-05 09:54:42.000,340,0.400000,223.000000,0.000000,43.150000
298035,14296,170,2023-07-05 09:54:42.000,2023-07-05 12:49:17.000,340,0.400000,407.000000,3.000000,2.000000
298052,14296,170,2023-07-05 12:49:17.000,2023-07-05 13:53:36.000,340,0.400000,150.000000,0.000000,3.600000
298067,14296,170,2023-07-05 14:00:00.000,2023-07-05 14:59:12.000,340,0.400000,114.000000,1.000000,9.266667
298080,14296,170,2023-07-05 14:59:12.000,2023-07-05 16:00:21.000,340,0.400000,144.000000,1.000000,0.000000
298093,14296,170,2023-07-05 16:00:21.000,2023-07-05 16:59:47.000,340,0.400000,141.000000,2.000000,0.000000
298104,14296,170,2023-07-05 16:59:47.000,2023-07-05 17:59:17.000,340,0.400000,141.000000,0.000000,0.000000
298119,14296,170,2023-07-05 17:59:17.000,2023-07-05 19:00:31.000,340,0.400000,143.000000,0.000000,3.750000
298132,14296,170,2023-07-05 19:00:31.000,2023-07-05 19:59:48.000,340,0.400000,139.000000,0.000000,0.000000
298143,14296,170,2023-07-05 19:59:48.000,2023-07-05 20:59:28.000,340,0.400000,130.000000,0.000000,3.433333
298158,14296,170,2023-07-05 20:59:28.000,2023-07-05 21:51:29.000,340,0.400000,120.000000,0.000000,0.000000
298219,14296,170,2023-07-05 22:00:00.000,2023-07-06 01:59:40.000,340,0.400000,545.000000,0.000000,8.616667
298259,14296,170,2023-07-06 01:59:40.000,2023-07-06 04:21:58.000,340,0.400000,322.000000,3.000000,2.116667
298282,14303,170,2023-07-06 04:21:58.000,2023-07-06 05:50:38.000,367,0.310000,47.000000,0.000000,69.750000
298329,14303,170,2023-07-06 06:00:00.000,2023-07-06 09:55:12.000,367,0.310000,677.000000,0.000000,6.000000
298369,14303,170,2023-07-06 09:55:12.000,2023-07-06 12:59:08.000,367,0.310000,550.000000,0.000000,3.800000
298375,14303,170,2023-07-06 12:59:08.000,2023-07-06 13:06:59.000,367,0.310000,0.000000,0.000000,7.836317
298382,14303,170,2023-07-06 13:06:59.000,2023-07-06 13:52:27.000,367,0.310000,132.000000,0.000000,0.000000
298400,14303,170,2023-07-06 14:00:00.000,2023-07-06 15:00:15.000,367,0.310000,159.000000,0.000000,7.066667
298412,14303,170,2023-07-06 15:00:15.000,2023-07-06 16:00:24.000,367,0.310000,179.000000,2.000000,0.000000
298424,14303,170,2023-07-06 16:00:24.000,2023-07-06 16:59:51.000,367,0.310000,142.000000,13.000000,2.350000
298430,14303,170,2023-07-06 16:59:51.000,2023-07-06 17:59:01.000,367,0.310000,170.000000,1.000000,0.000000
298443,14303,170,2023-07-06 17:59:01.000,2023-07-06 19:02:13.000,367,0.310000,187.000000,0.000000,0.000000
298453,14303,170,2023-07-06 19:02:13.000,2023-07-06 20:01:27.000,367,0.310000,171.000000,5.000000,0.000000
298467,14303,170,2023-07-06 20:01:27.000,2023-07-06 21:00:39.000,367,0.310000,175.000000,0.000000,2.150000
298480,14303,170,2023-07-06 21:00:39.000,2023-07-06 21:51:58.000,367,0.310000,140.000000,3.000000,2.316667
298600,14303,170,2023-07-07 06:00:00.000,2023-07-07 07:53:50.000,367,0.310000,294.000000,10.000000,31.783332
298618,14303,170,2023-07-07 07:53:50.000,2023-07-07 09:56:11.000,367,0.310000,351.000000,2.000000,3.583333
298659,14303,170,2023-07-07 09:56:11.000,2023-07-07 12:48:42.000,367,0.310000,240.000000,63.000000,61.683333
298678,14303,170,2023-07-07 12:48:42.000,2023-07-07 13:52:45.000,367,0.310000,148.000000,14.000000,6.383333
298822,14303,170,2023-07-07 22:00:00.000,2023-07-08 02:00:03.000,367,0.310000,635.000000,16.000000,22.716667
298858,14303,170,2023-07-08 02:00:03.000,2023-07-08 05:50:38.000,367,0.310000,677.000000,0.000000,4.316667
298872,14303,170,2023-07-08 06:00:00.000,2023-07-08 09:48:08.000,367,0.310000,600.000000,4.000000,14.216667
298894,14303,170,2023-07-08 09:48:08.000,2023-07-08 13:15:00.000,367,0.310000,596.000000,4.000000,2.616667
298896,14303,170,2023-07-08 13:15:00.000,2023-07-08 13:49:14.000,367,0.310000,79.000000,6.000000,2.500000
298908,14303,170,2023-07-08 14:00:00.000,2023-07-08 15:03:26.000,367,0.310000,141.000000,28.000000,2.150000
298915,14303,170,2023-07-08 15:03:26.000,2023-07-08 15:58:35.000,367,0.310000,159.000000,0.000000,2.483333
298926,14303,170,2023-07-08 15:58:35.000,2023-07-08 17:02:02.000,367,0.310000,189.000000,0.000000,0.000000
298931,14303,170,2023-07-08 17:02:02.000,2023-07-08 17:59:16.000,367,0.310000,171.000000,0.000000,0.000000
298937,14303,170,2023-07-08 17:59:16.000,2023-07-08 18:59:55.000,367,0.310000,175.000000,1.000000,0.000000
298948,14303,170,2023-07-08 18:59:55.000,2023-07-08 20:02:45.000,367,0.310000,178.000000,2.000000,2.266667
298956,14303,170,2023-07-08 20:02:45.000,2023-07-08 21:02:36.000,367,0.310000,165.000000,0.000000,0.000000
298963,14303,170,2023-07-08 21:02:36.000,2023-07-08 21:50:21.000,367,0.310000,139.000000,0.000000,0.000000
298977,14326,170,2023-07-10 06:00:00.000,2023-07-10 06:59:50.000,367,0.310000,124.000000,0.000000,17.333333
298985,14326,170,2023-07-10 06:59:50.000,2023-07-10 07:58:16.000,367,0.310000,170.000000,2.000000,0.000000
298999,14326,170,2023-07-10 07:58:16.000,2023-07-10 08:58:59.000,367,0.310000,174.000000,1.000000,0.000000
299013,14326,170,2023-07-10 08:58:59.000,2023-07-10 09:58:19.000,367,0.310000,175.000000,3.000000,0.000000
299025,14326,170,2023-07-10 09:58:19.000,2023-07-10 10:59:48.000,367,0.310000,69.000000,37.000000,14.533334
299042,14326,170,2023-07-10 10:59:48.000,2023-07-10 11:59:09.000,367,0.310000,153.000000,26.000000,6.466667
299054,14326,170,2023-07-10 11:59:09.000,2023-07-10 12:59:10.000,367,0.310000,164.000000,8.000000,2.000000
299071,14326,170,2023-07-10 12:59:10.000,2023-07-10 13:50:41.000,367,0.310000,125.000000,11.000000,4.333333
299131,14326,170,2023-07-10 14:00:00.000,2023-07-10 18:01:44.000,367,0.310000,547.000000,17.000000,20.566666
299171,14326,170,2023-07-10 18:01:44.000,2023-07-10 20:50:36.000,367,0.310000,394.000000,0.000000,38.633333
299175,14326,170,2023-07-10 20:50:36.000,2023-07-10 20:57:07.000,367,0.310000,0.000000,0.000000,6.506994
299200,14326,170,2023-07-10 20:57:07.000,2023-07-10 21:50:29.000,367,0.310000,148.000000,6.000000,0.000000
299232,14326,170,2023-07-10 22:00:00.000,2023-07-11 01:55:26.000,367,0.310000,639.000000,0.000000,2.166667
299274,14326,170,2023-07-11 01:55:26.000,2023-07-11 05:53:22.000,367,0.310000,702.000000,0.000000,3.800000
299288,14326,170,2023-07-11 06:00:00.000,2023-07-11 06:59:37.000,367,0.310000,137.000000,1.000000,12.650000
299303,14326,170,2023-07-11 06:59:37.000,2023-07-11 08:00:14.000,367,0.310000,178.000000,1.000000,0.000000
299316,14326,170,2023-07-11 08:00:14.000,2023-07-11 09:00:36.000,367,0.310000,179.000000,0.000000,0.000000
299348,14326,170,2023-07-11 09:00:36.000,2023-07-11 11:03:23.000,367,0.310000,234.000000,2.000000,0.000000
299358,14326,170,2023-07-11 11:03:23.000,2023-07-11 11:59:05.000,367,0.310000,140.000000,1.000000,5.800000
299371,14326,170,2023-07-11 11:59:05.000,2023-07-11 12:58:07.000,367,0.310000,159.000000,0.000000,1.550000
299395,14326,170,2023-07-11 12:58:07.000,2023-07-11 13:52:58.000,367,0.310000,147.000000,2.000000,3.600000
299444,14326,170,2023-07-11 14:00:00.000,2023-07-11 18:01:47.000,367,0.310000,680.000000,1.000000,2.116667
299474,14326,170,2023-07-11 18:01:47.000,2023-07-11 20:52:52.000,367,0.310000,495.000000,0.000000,2.300000
299581,14326,170,2023-07-12 06:00:00.000,2023-07-12 06:31:00.000,367,0.310000,60.000000,0.000000,10.233333
299604,14356,170,2023-07-12 06:31:00.000,2023-07-12 08:14:25.000,333,0.400000,13.000000,0.000000,77.633333
299605,14356,170,2023-07-12 08:14:25.000,2023-07-12 08:26:33.000,333,0.400000,0.000000,0.000000,12.129302
299606,14356,170,2023-07-12 08:26:33.000,2023-07-12 08:44:36.000,333,0.400000,41.000000,0.000000,0.000000
299613,14356,170,2023-07-12 08:44:36.000,2023-07-12 09:30:30.000,333,0.400000,0.000000,0.000000,45.885019
299674,14356,170,2023-07-12 09:30:30.000,2023-07-12 13:54:57.000,333,0.400000,614.000000,1.000000,0.000000
299703,14356,170,2023-07-12 14:00:00.000,2023-07-12 16:53:46.000,333,0.400000,430.000000,4.000000,2.533333
299771,14358,170,2023-07-12 16:53:46.000,2023-07-12 21:51:32.000,507,0.380000,528.000000,0.000000,83.166667
299793,14358,170,2023-07-12 22:00:00.000,2023-07-13 00:37:24.000,507,0.380000,381.000000,8.000000,13.683333
299827,14358,170,2023-07-13 00:37:24.000,2023-07-13 03:35:28.000,507,0.380000,0.000000,0.000000,178.065993
299837,14358,170,2023-07-13 03:35:28.000,2023-07-13 04:55:07.000,507,0.380000,151.000000,2.000000,4.000000
299852,14358,170,2023-07-13 04:55:07.000,2023-07-13 05:51:49.000,507,0.380000,142.000000,0.000000,6.000000
299894,14358,170,2023-07-13 06:00:00.000,2023-07-13 08:59:15.000,507,0.380000,400.000000,0.000000,19.283333
299900,14358,170,2023-07-13 08:59:15.000,2023-07-13 09:58:27.000,507,0.380000,154.000000,0.000000,0.000000
299932,14358,170,2023-07-13 09:58:27.000,2023-07-13 12:58:45.000,507,0.380000,462.000000,4.000000,0.000000
299953,14358,170,2023-07-13 12:58:45.000,2023-07-13 13:52:23.000,507,0.380000,142.000000,0.000000,0.000000
300003,14358,170,2023-07-13 14:00:00.000,2023-07-13 17:59:09.000,507,0.380000,611.000000,2.000000,4.200000
300047,14358,170,2023-07-13 17:59:09.000,2023-07-13 21:49:32.000,507,0.380000,548.000000,0.000000,0.000000
300090,14358,170,2023-07-13 22:00:00.000,2023-07-14 01:52:52.000,507,0.380000,585.000000,9.000000,10.716667
300134,14358,170,2023-07-14 01:52:52.000,2023-07-14 05:51:32.000,507,0.380000,620.000000,0.000000,2.550000
300153,14358,170,2023-07-14 06:00:00.000,2023-07-14 06:59:29.000,507,0.380000,133.000000,1.000000,7.516667
300164,14358,170,2023-07-14 06:59:29.000,2023-07-14 07:59:21.000,507,0.380000,147.000000,1.000000,2.950000
300175,14358,170,2023-07-14 07:59:21.000,2023-07-14 09:00:12.000,507,0.380000,154.000000,2.000000,0.000000
300185,14358,170,2023-07-14 09:00:12.000,2023-07-14 09:59:59.000,507,0.380000,149.000000,4.000000,0.000000
300197,14358,170,2023-07-14 09:59:59.000,2023-07-14 11:01:29.000,507,0.380000,149.000000,3.000000,0.000000
300214,14358,170,2023-07-14 11:01:29.000,2023-07-14 12:21:50.000,507,0.380000,0.000000,0.000000,80.343511
300223,14358,170,2023-07-14 12:21:50.000,2023-07-14 13:00:31.000,507,0.380000,91.000000,4.000000,2.133333
300242,14358,170,2023-07-14 13:00:31.000,2023-07-14 13:53:24.000,507,0.380000,132.000000,2.000000,0.000000
300305,14358,170,2023-07-14 14:00:00.000,2023-07-14 18:00:51.000,507,0.380000,604.000000,4.000000,9.300000
300349,14358,170,2023-07-14 18:00:51.000,2023-07-14 21:50:07.000,507,0.380000,593.000000,2.000000,0.000000
300361,14358,170,2023-07-14 22:00:00.000,2023-07-14 23:05:14.000,507,0.380000,163.000000,8.000000,3.483333
300362,14358,170,2023-07-14 23:05:14.000,2023-07-14 23:22:28.000,507,0.380000,0.000000,0.000000,17.218979
300363,14358,170,2023-07-14 23:22:28.000,2023-07-14 23:29:21.000,507,0.380000,9.000000,0.000000,0.000000
300376,14358,170,2023-07-14 23:29:21.000,2023-07-15 01:06:44.000,507,0.380000,0.000000,0.000000,97.375036
300377,14358,170,2023-07-15 01:06:44.000,2023-07-15 01:32:40.000,507,0.380000,58.000000,0.000000,5.516667
300399,14372,170,2023-07-15 01:32:40.000,2023-07-15 04:47:01.000,322,0.310000,346.000000,6.000000,59.916667
300409,14372,170,2023-07-15 04:47:01.000,2023-07-15 05:44:54.000,322,0.310000,175.000000,0.000000,0.000000
300452,14378,170,2023-07-17 06:00:00.000,2023-07-17 10:03:48.000,322,0.310000,595.000000,0.000000,45.216667
300498,14378,170,2023-07-17 10:03:48.000,2023-07-17 13:50:03.000,322,0.310000,655.000000,2.000000,10.616667
300510,14378,170,2023-07-17 14:00:00.000,2023-07-17 14:09:20.000,322,0.310000,38.000000,0.000000,2.300000
300511,14378,170,2023-07-17 14:09:20.000,2023-07-17 14:19:48.000,322,0.310000,0.000000,0.000000,10.452719
300541,14378,170,2023-07-17 14:19:48.000,2023-07-17 17:57:45.000,322,0.310000,613.000000,0.000000,6.916667
300563,14378,170,2023-07-17 17:57:45.000,2023-07-17 19:46:45.000,322,0.310000,328.000000,5.000000,2.000000
300593,14378,170,2023-07-17 19:46:45.000,2023-07-17 21:51:00.000,322,0.310000,375.000000,3.000000,0.000000
300752,14406,170,2023-07-18 06:00:00.000,2023-07-18 10:05:02.000,401,0.400000,369.000000,0.000000,2.683333
300806,14406,170,2023-07-18 10:05:02.000,2023-07-18 13:52:58.000,401,0.400000,351.000000,16.000000,2.266667
300836,14406,170,2023-07-18 14:00:00.000,2023-07-18 17:59:57.000,401,0.400000,364.000000,3.000000,15.950000
300855,14406,170,2023-07-18 17:59:57.000,2023-07-18 19:55:10.000,401,0.400000,258.000000,10.000000,3.583333
300888,14406,170,2023-07-18 19:55:10.000,2023-07-18 21:53:00.000,401,0.400000,267.000000,2.000000,6.916667
300905,14406,170,2023-07-18 22:00:00.000,2023-07-18 23:00:59.000,401,0.400000,114.000000,2.000000,5.666667
300938,14406,170,2023-07-18 23:00:59.000,2023-07-19 01:04:54.000,401,0.400000,297.000000,0.000000,3.733333
300984,14406,170,2023-07-19 01:04:54.000,2023-07-19 05:00:04.000,401,0.400000,547.000000,2.000000,0.000000
301001,14406,170,2023-07-19 05:00:04.000,2023-07-19 05:52:45.000,401,0.400000,120.000000,0.000000,0.000000
301059,14406,170,2023-07-19 06:00:00.000,2023-07-19 10:23:43.000,401,0.400000,546.000000,10.000000,7.200000
301106,14406,170,2023-07-19 10:23:43.000,2023-07-19 13:52:23.000,401,0.400000,477.000000,14.000000,2.933333
301121,14406,170,2023-07-19 14:00:00.000,2023-07-19 15:55:13.000,401,0.400000,245.000000,8.000000,9.766667
301133,14406,170,2023-07-19 15:55:13.000,2023-07-19 16:33:27.000,401,0.400000,79.000000,4.000000,2.983333
301134,14406,170,2023-07-19 16:33:27.000,2023-07-19 16:43:07.000,401,0.400000,0.000000,0.000000,9.659506
301143,14406,170,2023-07-19 16:43:07.000,2023-07-19 17:52:34.000,401,0.400000,130.000000,18.000000,7.466667
301177,14406,170,2023-07-19 17:52:34.000,2023-07-19 20:50:57.000,401,0.400000,114.000000,10.000000,0.000000
301188,14406,170,2023-07-19 20:50:57.000,2023-07-19 21:31:50.000,401,0.400000,80.000000,2.000000,0.000000
301237,14406,170,2023-07-19 22:00:00.000,2023-07-20 01:07:04.000,401,0.400000,139.000000,2.000000,0.000000
301266,14406,170,2023-07-20 01:07:04.000,2023-07-20 04:02:27.000,401,0.400000,412.000000,0.000000,2.400000
301277,14406,170,2023-07-20 04:02:27.000,2023-07-20 04:59:33.000,401,0.400000,130.000000,0.000000,3.983333
301293,14406,170,2023-07-20 04:59:33.000,2023-07-20 05:51:21.000,401,0.400000,126.000000,1.000000,0.000000
301342,14406,170,2023-07-20 06:00:00.000,2023-07-20 09:59:03.000,401,0.400000,517.000000,0.000000,0.000000
301361,14406,170,2023-07-20 09:59:03.000,2023-07-20 11:34:49.000,401,0.400000,232.000000,0.000000,0.000000
301394,14420,170,2023-07-20 11:34:49.000,2023-07-20 13:52:40.000,333,0.400000,304.000000,1.000000,0.000000
301422,14420,170,2023-07-20 14:00:00.000,2023-07-20 17:53:51.000,333,0.400000,422.000000,0.000000,3.766667
301444,14420,170,2023-07-20 17:53:51.000,2023-07-20 19:52:39.000,333,0.400000,260.000000,7.000000,10.883333
301474,14420,170,2023-07-20 19:52:39.000,2023-07-20 21:52:36.000,333,0.400000,297.000000,0.000000,2.000000
301683,14420,170,2023-07-21 14:00:00.000,2023-07-21 17:52:38.000,333,0.400000,530.000000,4.000000,11.583333
301723,14420,170,2023-07-21 17:52:38.000,2023-07-21 21:50:54.000,333,0.400000,589.000000,0.000000,3.733333
301841,14436,170,2023-07-24 06:00:00.000,2023-07-24 07:54:27.000,333,0.400000,194.000000,3.000000,37.283333
301862,14436,170,2023-07-24 07:54:27.000,2023-07-24 09:59:28.000,333,0.400000,298.000000,3.000000,4.200000
301900,14436,170,2023-07-24 09:59:28.000,2023-07-24 13:11:19.000,333,0.400000,474.000000,0.000000,1.016667
301915,14452,170,2023-07-24 13:11:19.000,2023-07-24 13:55:57.000,367,0.310000,16.000000,0.000000,37.033333
301924,14452,170,2023-07-24 14:00:00.000,2023-07-24 14:59:45.000,367,0.310000,149.000000,5.000000,5.283333
301931,14452,170,2023-07-24 14:59:45.000,2023-07-24 16:01:26.000,367,0.310000,169.000000,0.000000,0.000000
301941,14452,170,2023-07-24 16:01:26.000,2023-07-24 17:00:30.000,367,0.310000,112.000000,7.000000,18.150000
301949,14452,170,2023-07-24 17:00:30.000,2023-07-24 17:58:44.000,367,0.310000,162.000000,1.000000,0.000000
301966,14452,170,2023-07-24 17:58:44.000,2023-07-24 18:59:59.000,367,0.310000,179.000000,0.000000,0.000000
301973,14452,170,2023-07-24 18:59:59.000,2023-07-24 19:14:57.000,367,0.310000,0.000000,0.000000,14.962909
301979,14452,170,2023-07-24 19:14:57.000,2023-07-24 20:01:03.000,367,0.310000,129.000000,0.000000,0.000000
301993,14452,170,2023-07-24 20:01:03.000,2023-07-24 21:02:34.000,367,0.310000,171.000000,0.000000,0.000000
302006,14452,170,2023-07-24 21:02:34.000,2023-07-24 21:52:09.000,367,0.310000,140.000000,0.000000,0.000000
302191,14452,170,2023-07-25 14:00:00.000,2023-07-25 16:49:14.000,367,0.310000,213.000000,0.000000,0.000000
302194,14452,170,2023-07-25 16:49:14.000,2023-07-25 17:02:50.000,367,0.310000,0.000000,0.000000,13.589940
302204,14452,170,2023-07-25 17:02:50.000,2023-07-25 18:00:26.000,367,0.310000,150.000000,1.000000,0.000000
302212,14452,170,2023-07-25 18:00:26.000,2023-07-25 19:02:09.000,367,0.310000,176.000000,0.000000,0.000000
302224,14452,170,2023-07-25 19:02:09.000,2023-07-25 20:04:20.000,367,0.310000,164.000000,1.000000,0.000000
302229,14452,170,2023-07-25 20:04:20.000,2023-07-25 20:16:36.000,367,0.310000,29.000000,0.000000,0.000000
302231,14452,170,2023-07-25 20:16:36.000,2023-07-25 20:54:28.000,367,0.310000,0.000000,0.000000,37.861963
302251,14452,170,2023-07-25 20:54:28.000,2023-07-25 21:50:25.000,367,0.310000,163.000000,0.000000,0.000000
302293,14452,170,2023-07-25 22:00:00.000,2023-07-26 02:00:18.000,367,0.310000,702.000000,1.000000,9.600000
302337,14452,170,2023-07-26 02:00:18.000,2023-07-26 05:50:37.000,367,0.310000,669.000000,1.000000,0.000000
302381,14452,170,2023-07-26 06:00:00.000,2023-07-26 09:53:43.000,367,0.310000,652.000000,4.000000,7.283333
302428,14452,170,2023-07-26 09:53:43.000,2023-07-26 13:51:52.000,367,0.310000,694.000000,3.000000,0.000000
302443,14452,170,2023-07-26 14:00:00.000,2023-07-26 15:00:22.000,367,0.310000,173.000000,1.000000,3.750000
302453,14452,170,2023-07-26 15:00:22.000,2023-07-26 15:59:05.000,367,0.310000,171.000000,1.000000,0.000000
302464,14452,170,2023-07-26 15:59:05.000,2023-07-26 16:59:56.000,367,0.310000,182.000000,1.000000,0.000000
302474,14452,170,2023-07-26 16:59:56.000,2023-07-26 17:58:21.000,367,0.310000,181.000000,0.000000,0.000000
302487,14452,170,2023-07-26 17:58:21.000,2023-07-26 19:01:13.000,367,0.310000,183.000000,1.000000,0.000000
302496,14452,170,2023-07-26 19:01:13.000,2023-07-26 20:00:07.000,367,0.310000,159.000000,0.000000,5.266667
302506,14452,170,2023-07-26 20:00:07.000,2023-07-26 20:59:28.000,367,0.310000,174.000000,1.000000,0.000000
302524,14452,170,2023-07-26 20:59:28.000,2023-07-26 21:54:34.000,367,0.310000,164.000000,0.000000,0.000000
302560,14452,170,2023-07-26 22:00:00.000,2023-07-27 01:59:32.000,367,0.310000,718.000000,0.000000,1.866667
302609,14452,170,2023-07-27 01:59:32.000,2023-07-27 05:52:48.000,367,0.310000,665.000000,1.000000,8.233333
302728,14478,170,2023-07-27 14:00:00.000,2023-07-27 16:20:50.000,561,0.400000,260.000000,5.000000,16.666667
302742,14479,170,2023-07-27 16:20:50.000,2023-07-27 17:36:56.000,297,0.320000,36.000000,0.000000,0.000000
302743,14479,170,2023-07-27 17:36:56.000,2023-07-27 17:45:09.000,297,0.320000,0.000000,0.000000,8.203246
302755,14479,170,2023-07-27 17:45:09.000,2023-07-27 18:58:58.000,297,0.320000,205.000000,3.000000,0.000000
302766,14479,170,2023-07-27 18:58:58.000,2023-07-27 19:11:45.000,297,0.320000,34.000000,1.000000,0.000000
302772,14479,170,2023-07-27 19:11:45.000,2023-07-27 19:59:05.000,297,0.320000,58.000000,1.000000,0.000000
302790,14479,170,2023-07-27 19:59:05.000,2023-07-27 21:02:08.000,297,0.320000,154.000000,11.000000,2.350000
302806,14479,170,2023-07-27 21:02:08.000,2023-07-27 21:52:05.000,297,0.320000,113.000000,4.000000,6.150000
302847,14479,170,2023-07-27 22:00:00.000,2023-07-28 02:01:24.000,297,0.320000,593.000000,12.000000,22.616667
302887,14479,170,2023-07-28 02:01:24.000,2023-07-28 05:51:41.000,297,0.320000,611.000000,16.000000,4.633333
302919,14479,170,2023-07-28 06:00:00.000,2023-07-28 09:50:11.000,297,0.320000,583.000000,2.000000,18.433333
302962,14479,170,2023-07-28 09:50:11.000,2023-07-28 13:52:50.000,297,0.320000,650.000000,4.000000,7.600000
302980,14479,170,2023-07-28 14:00:00.000,2023-07-28 15:00:46.000,297,0.320000,144.000000,0.000000,9.283333
302988,14479,170,2023-07-28 15:00:46.000,2023-07-28 16:00:04.000,297,0.320000,163.000000,2.000000,2.583333
303003,14479,170,2023-07-28 16:00:04.000,2023-07-28 17:01:15.000,297,0.320000,156.000000,2.000000,2.233333
303008,14479,170,2023-07-28 17:01:15.000,2023-07-28 17:59:32.000,297,0.320000,161.000000,0.000000,1.300000
303020,14479,170,2023-07-28 17:59:32.000,2023-07-28 19:00:45.000,297,0.320000,166.000000,0.000000,0.000000
303026,14479,170,2023-07-28 19:00:45.000,2023-07-28 19:33:29.000,297,0.320000,90.000000,0.000000,0.000000
303063,14490,170,2023-07-28 19:33:29.000,2023-07-28 21:53:03.000,189,0.350000,169.000000,1.000000,0.000000
303103,14490,170,2023-07-28 22:00:00.000,2023-07-29 02:02:29.000,189,0.350000,691.000000,0.000000,0.000000
303215,14490,170,2023-07-29 14:00:00.000,2023-07-29 16:00:01.000,189,0.350000,311.000000,2.000000,9.333333
303222,14490,170,2023-07-29 16:00:01.000,2023-07-29 17:01:41.000,189,0.350000,183.000000,0.000000,0.000000
303231,14490,170,2023-07-29 17:01:41.000,2023-07-29 19:02:12.000,189,0.350000,206.000000,0.000000,0.000000
303234,14490,170,2023-07-29 19:02:12.000,2023-07-29 20:00:09.000,189,0.350000,179.000000,0.000000,0.000000
303239,14490,170,2023-07-29 20:00:09.000,2023-07-29 21:00:19.000,189,0.350000,180.000000,0.000000,2.200000
303250,14490,170,2023-07-29 21:00:19.000,2023-07-29 21:52:25.000,189,0.350000,155.000000,0.000000,0.000000
303258,14501,170,2023-07-31 06:00:00.000,2023-07-31 06:58:42.000,189,0.350000,136.000000,0.000000,14.083333
303273,14501,170,2023-07-31 06:58:42.000,2023-07-31 07:58:38.000,189,0.350000,179.000000,0.000000,0.000000
303286,14501,170,2023-07-31 07:58:38.000,2023-07-31 09:01:04.000,189,0.350000,187.000000,0.000000,0.000000
303319,14501,170,2023-07-31 09:01:04.000,2023-07-31 10:59:48.000,189,0.350000,179.000000,0.000000,0.000000
303330,14501,170,2023-07-31 10:59:48.000,2023-07-31 12:00:08.000,189,0.350000,187.000000,0.000000,0.000000
303343,14501,170,2023-07-31 12:00:08.000,2023-07-31 12:59:24.000,189,0.350000,182.000000,0.000000,0.000000
303356,14501,170,2023-07-31 12:59:24.000,2023-07-31 13:52:32.000,189,0.350000,158.000000,0.000000,0.000000
303401,14501,170,2023-07-31 14:00:00.000,2023-07-31 17:59:34.000,189,0.350000,724.000000,0.000000,0.000000
303430,14501,170,2023-07-31 17:59:34.000,2023-07-31 20:48:23.000,189,0.350000,519.000000,0.000000,0.000000
303509,14501,170,2023-07-31 22:00:00.000,2023-08-01 02:13:26.000,189,0.350000,755.000000,0.000000,6.933333
303709,14524,170,2023-08-01 15:39:18.000,2023-08-01 18:03:13.000,322,0.310000,198.000000,0.000000,0.000000
303733,14524,170,2023-08-01 18:03:13.000,2023-08-01 20:50:53.000,322,0.310000,522.000000,0.000000,0.000000
303788,14524,170,2023-08-01 22:00:00.000,2023-08-02 01:52:35.000,322,0.310000,703.000000,0.000000,4.166667
303834,14524,170,2023-08-02 01:52:35.000,2023-08-02 05:53:48.000,322,0.310000,724.000000,0.000000,6.033333
303847,14524,170,2023-08-02 06:00:00.000,2023-08-02 06:59:49.000,322,0.310000,162.000000,0.000000,7.700000
303860,14524,170,2023-08-02 06:59:49.000,2023-08-02 08:01:01.000,322,0.310000,194.000000,2.000000,0.000000
303872,14524,170,2023-08-02 08:01:01.000,2023-08-02 09:00:24.000,322,0.310000,176.000000,2.000000,0.000000
303883,14524,170,2023-08-02 09:00:24.000,2023-08-02 09:59:38.000,322,0.310000,173.000000,3.000000,2.766667
303903,14524,170,2023-08-02 09:59:38.000,2023-08-02 11:01:49.000,322,0.310000,188.000000,1.000000,0.000000
303918,14524,170,2023-08-02 11:01:49.000,2023-08-02 11:59:05.000,322,0.310000,175.000000,4.000000,0.000000
303935,14524,170,2023-08-02 11:59:05.000,2023-08-02 13:00:13.000,322,0.310000,169.000000,4.000000,4.250000
303957,14524,170,2023-08-02 13:00:13.000,2023-08-02 13:52:34.000,322,0.310000,151.000000,0.000000,0.000000
304002,14524,170,2023-08-02 14:00:00.000,2023-08-02 17:57:47.000,322,0.310000,722.000000,14.000000,0.000000
304027,14524,170,2023-08-02 17:57:47.000,2023-08-02 20:49:37.000,322,0.310000,508.000000,1.000000,0.000000
304134,14524,170,2023-08-03 06:00:00.000,2023-08-03 06:58:48.000,322,0.310000,158.000000,0.000000,6.950000
304145,14524,170,2023-08-03 06:58:48.000,2023-08-03 07:19:45.000,322,0.310000,58.000000,0.000000,0.000000
304147,14524,170,2023-08-03 07:19:45.000,2023-08-03 07:34:27.000,322,0.310000,0.000000,0.000000,14.694422
304168,14524,170,2023-08-03 07:34:27.000,2023-08-03 09:01:45.000,322,0.310000,227.000000,9.000000,8.283333
304203,14524,170,2023-08-03 09:01:45.000,2023-08-03 11:59:23.000,322,0.310000,362.000000,0.000000,3.133333
304219,14524,170,2023-08-03 11:59:23.000,2023-08-03 13:00:19.000,322,0.310000,185.000000,0.000000,2.866667
304235,14524,170,2023-08-03 13:00:19.000,2023-08-03 13:51:20.000,322,0.310000,160.000000,0.000000,0.000000
304430,14524,170,2023-08-04 06:00:00.000,2023-08-04 07:01:12.000,322,0.310000,144.000000,0.000000,14.200000
304446,14524,170,2023-08-04 07:01:12.000,2023-08-04 08:00:11.000,322,0.310000,182.000000,0.000000,0.000000
304458,14524,170,2023-08-04 08:00:11.000,2023-08-04 08:59:43.000,322,0.310000,191.000000,0.000000,0.000000
304482,14524,170,2023-08-04 08:59:43.000,2023-08-04 10:59:41.000,322,0.310000,181.000000,0.000000,0.000000
304495,14524,170,2023-08-04 10:59:41.000,2023-08-04 12:00:43.000,322,0.310000,191.000000,2.000000,0.000000
304508,14524,170,2023-08-04 12:00:43.000,2023-08-04 12:58:32.000,322,0.310000,174.000000,3.000000,0.000000
304526,14524,170,2023-08-04 12:58:32.000,2023-08-04 13:53:00.000,322,0.310000,173.000000,0.000000,0.000000
304638,14524,170,2023-08-04 22:00:00.000,2023-08-05 01:54:50.000,322,0.310000,625.000000,0.000000,4.000000
304663,14524,170,2023-08-05 01:54:50.000,2023-08-05 04:38:01.000,322,0.310000,499.000000,4.000000,4.450000
303528,14525,170,2023-08-01 02:13:26.000,2023-08-01 04:37:51.000,227,0.350000,208.000000,0.000000,0.000000
303545,14525,170,2023-08-01 04:37:51.000,2023-08-01 05:52:50.000,227,0.350000,219.000000,0.000000,0.000000
303560,14525,170,2023-08-01 06:00:00.000,2023-08-01 07:00:20.000,227,0.350000,151.000000,0.000000,5.883333
303571,14525,170,2023-08-01 07:00:20.000,2023-08-01 08:00:20.000,227,0.350000,174.000000,0.000000,3.000000
303587,14525,170,2023-08-01 08:00:20.000,2023-08-01 09:01:06.000,227,0.350000,180.000000,1.000000,0.000000
303598,14525,170,2023-08-01 09:01:06.000,2023-08-01 09:59:17.000,227,0.350000,169.000000,0.000000,0.000000
303611,14525,170,2023-08-01 09:59:17.000,2023-08-01 11:01:50.000,227,0.350000,175.000000,0.000000,0.000000
303622,14525,170,2023-08-01 11:01:50.000,2023-08-01 12:00:31.000,227,0.350000,164.000000,0.000000,0.000000
303640,14525,170,2023-08-01 12:00:31.000,2023-08-01 13:00:16.000,227,0.350000,175.000000,1.000000,0.000000
303657,14525,170,2023-08-01 13:00:16.000,2023-08-01 13:51:46.000,227,0.350000,150.000000,0.000000,0.000000
303680,14525,170,2023-08-01 14:00:00.000,2023-08-01 15:39:18.000,227,0.350000,270.000000,0.000000,0.000000
304736,14560,170,2023-08-22 06:00:00.000,2023-08-22 08:58:34.000,297,0.320000,276.000000,3.000000,78.416667
304747,14560,170,2023-08-22 08:58:34.000,2023-08-22 09:58:18.000,297,0.320000,160.000000,1.000000,0.000000
304760,14560,170,2023-08-22 09:58:18.000,2023-08-22 10:58:46.000,297,0.320000,166.000000,2.000000,0.000000
304771,14560,170,2023-08-22 10:58:46.000,2023-08-22 11:58:09.000,297,0.320000,160.000000,0.000000,0.000000
304786,14560,170,2023-08-22 11:58:09.000,2023-08-22 13:04:54.000,297,0.320000,175.000000,2.000000,2.966667
304801,14560,170,2023-08-22 13:04:54.000,2023-08-22 13:52:33.000,297,0.320000,95.000000,2.000000,13.966667
304838,14560,170,2023-08-22 14:00:00.000,2023-08-22 17:59:40.000,297,0.320000,600.000000,5.000000,19.433333
304878,14560,170,2023-08-22 17:59:40.000,2023-08-22 21:49:33.000,297,0.320000,615.000000,3.000000,8.650000
304901,14560,170,2023-08-22 22:00:00.000,2023-08-22 23:55:32.000,297,0.320000,308.000000,0.000000,0.000000
304918,14560,170,2023-08-22 23:55:32.000,2023-08-23 01:50:49.000,297,0.320000,310.000000,5.000000,4.000000
304961,14560,170,2023-08-23 01:50:49.000,2023-08-23 05:54:28.000,297,0.320000,669.000000,0.000000,0.000000
304974,14560,170,2023-08-23 06:00:00.000,2023-08-23 07:02:52.000,297,0.320000,153.000000,3.000000,5.616667
304981,14560,170,2023-08-23 07:02:52.000,2023-08-23 07:58:18.000,297,0.320000,147.000000,0.000000,0.000000
304994,14560,170,2023-08-23 07:58:18.000,2023-08-23 08:59:06.000,297,0.320000,170.000000,0.000000,0.000000
305011,14560,170,2023-08-23 08:59:06.000,2023-08-23 10:01:13.000,297,0.320000,166.000000,3.000000,0.000000
305022,14560,170,2023-08-23 10:01:13.000,2023-08-23 11:01:00.000,297,0.320000,87.000000,8.000000,24.066667
305033,14560,170,2023-08-23 11:01:00.000,2023-08-23 11:59:34.000,297,0.320000,154.000000,2.000000,2.000000
305046,14560,170,2023-08-23 11:59:34.000,2023-08-23 13:00:06.000,297,0.320000,174.000000,0.000000,0.000000
305062,14560,170,2023-08-23 13:00:06.000,2023-08-23 13:51:43.000,297,0.320000,141.000000,0.000000,0.000000
305109,14560,170,2023-08-23 14:00:00.000,2023-08-23 18:00:05.000,297,0.320000,668.000000,1.000000,1.433333
305150,14560,170,2023-08-23 18:00:05.000,2023-08-23 21:49:35.000,297,0.320000,631.000000,3.000000,2.066667
305166,14560,170,2023-08-23 22:00:00.000,2023-08-23 23:53:43.000,297,0.320000,309.000000,4.000000,2.183333
305182,14560,170,2023-08-23 23:53:43.000,2023-08-24 01:51:58.000,297,0.320000,325.000000,0.000000,0.000000
305203,14560,170,2023-08-24 01:51:58.000,2023-08-24 03:54:57.000,297,0.320000,341.000000,0.000000,2.000000
305229,14560,170,2023-08-24 03:54:57.000,2023-08-24 05:52:50.000,297,0.320000,317.000000,0.000000,0.000000
305241,14560,170,2023-08-24 06:00:00.000,2023-08-24 06:59:55.000,297,0.320000,118.000000,2.000000,14.400000
305256,14560,170,2023-08-24 06:59:55.000,2023-08-24 08:01:03.000,297,0.320000,169.000000,2.000000,2.000000
305271,14560,170,2023-08-24 08:01:03.000,2023-08-24 09:00:13.000,297,0.320000,165.000000,3.000000,0.000000
305283,14560,170,2023-08-24 09:00:13.000,2023-08-24 09:58:26.000,297,0.320000,156.000000,0.000000,2.000000
305301,14560,170,2023-08-24 09:58:26.000,2023-08-24 11:00:26.000,297,0.320000,168.000000,0.000000,2.533333
305318,14560,170,2023-08-24 11:00:26.000,2023-08-24 12:02:01.000,297,0.320000,157.000000,1.000000,6.850000
305328,14560,170,2023-08-24 12:02:01.000,2023-08-24 13:00:04.000,297,0.320000,150.000000,0.000000,2.816667
305341,14560,170,2023-08-24 13:00:04.000,2023-08-24 13:50:19.000,297,0.320000,135.000000,0.000000,0.000000
305389,14560,170,2023-08-24 14:00:00.000,2023-08-24 18:00:23.000,297,0.320000,660.000000,2.000000,1.250000
305438,14560,170,2023-08-24 18:00:23.000,2023-08-24 21:50:02.000,297,0.320000,617.000000,3.000000,8.666667
305454,14560,170,2023-08-24 22:00:00.000,2023-08-24 23:55:42.000,297,0.320000,321.000000,0.000000,2.533333
305471,14560,170,2023-08-24 23:55:42.000,2023-08-25 01:52:47.000,297,0.320000,316.000000,0.000000,0.000000
305491,14560,170,2023-08-25 01:52:47.000,2023-08-25 03:55:28.000,297,0.320000,337.000000,2.000000,7.000000
305516,14560,170,2023-08-25 03:55:28.000,2023-08-25 05:53:20.000,297,0.320000,320.000000,0.000000,0.000000
305527,14560,170,2023-08-25 06:00:00.000,2023-08-25 07:00:04.000,297,0.320000,137.000000,0.000000,8.550000
305538,14560,170,2023-08-25 07:00:04.000,2023-08-25 08:00:53.000,297,0.320000,163.000000,3.000000,0.000000
305549,14560,170,2023-08-25 08:00:53.000,2023-08-25 09:00:14.000,297,0.320000,162.000000,3.000000,0.000000
305555,14560,170,2023-08-25 09:00:14.000,2023-08-25 09:58:23.000,297,0.320000,148.000000,3.000000,2.833333
305568,14560,170,2023-08-25 09:58:23.000,2023-08-25 11:00:07.000,297,0.320000,166.000000,1.000000,0.000000
305581,14560,170,2023-08-25 11:00:07.000,2023-08-25 11:59:36.000,297,0.320000,155.000000,2.000000,0.000000
305595,14560,170,2023-08-25 11:59:36.000,2023-08-25 12:59:42.000,297,0.320000,163.000000,0.000000,0.000000
305609,14560,170,2023-08-25 12:59:42.000,2023-08-25 13:51:53.000,297,0.320000,145.000000,0.000000,0.000000
305663,14560,170,2023-08-25 14:00:00.000,2023-08-25 18:02:35.000,297,0.320000,664.000000,1.000000,3.200000
305716,14560,170,2023-08-25 18:02:35.000,2023-08-25 21:50:03.000,297,0.320000,623.000000,3.000000,3.000000
305748,14560,170,2023-08-25 22:00:00.000,2023-08-26 01:57:27.000,297,0.320000,652.000000,0.000000,5.000000
305760,14560,170,2023-08-26 01:57:27.000,2023-08-26 02:27:25.000,297,0.320000,79.000000,3.000000,0.000000
305816,14560,170,2023-08-26 06:00:00.000,2023-08-26 09:58:33.000,297,0.320000,649.000000,2.000000,4.800000
305838,14560,170,2023-08-26 09:58:33.000,2023-08-26 12:58:44.000,297,0.320000,493.000000,0.000000,2.066667
305849,14560,170,2023-08-26 12:58:44.000,2023-08-26 13:51:42.000,297,0.320000,147.000000,0.000000,0.000000
305873,14560,170,2023-08-26 22:00:00.000,2023-08-26 23:53:37.000,297,0.320000,294.000000,0.000000,6.400000
305882,14596,170,2023-08-26 23:53:37.000,2023-08-27 01:54:57.000,443,0.300000,188.000000,0.000000,3.450000
305893,14596,170,2023-08-27 01:54:57.000,2023-08-27 04:45:13.000,443,0.300000,535.000000,0.000000,0.000000
305940,14600,170,2023-08-28 06:00:00.000,2023-08-28 10:03:01.000,443,0.300000,441.000000,0.000000,14.600000
305979,14600,170,2023-08-28 10:03:01.000,2023-08-28 13:54:43.000,443,0.300000,713.000000,0.000000,9.333333
305997,14600,170,2023-08-28 14:00:00.000,2023-08-28 16:12:35.000,443,0.300000,394.000000,0.000000,8.633333
306055,14600,170,2023-08-28 22:00:00.000,2023-08-28 22:59:40.000,443,0.300000,170.000000,0.000000,5.900000
306067,14600,170,2023-08-28 22:59:40.000,2023-08-28 23:58:38.000,443,0.300000,182.000000,0.000000,0.000000
306080,14600,170,2023-08-28 23:58:38.000,2023-08-29 00:59:36.000,443,0.300000,184.000000,0.000000,0.000000
306094,14600,170,2023-08-29 00:59:36.000,2023-08-29 01:58:29.000,443,0.300000,185.000000,0.000000,2.000000
306111,14600,170,2023-08-29 01:58:29.000,2023-08-29 03:00:03.000,443,0.300000,190.000000,0.000000,0.000000
306122,14600,170,2023-08-29 03:00:03.000,2023-08-29 04:06:58.000,443,0.300000,176.000000,4.000000,7.850000
306130,14600,170,2023-08-29 04:06:58.000,2023-08-29 05:00:55.000,443,0.300000,168.000000,0.000000,0.000000
306144,14600,170,2023-08-29 05:00:55.000,2023-08-29 05:51:55.000,443,0.300000,161.000000,0.000000,0.000000
306222,14600,170,2023-08-29 06:00:00.000,2023-08-29 11:39:03.000,443,0.300000,802.000000,2.000000,0.000000
306258,14618,170,2023-08-29 11:39:03.000,2023-08-29 13:52:21.000,355,0.300000,45.000000,0.000000,0.000000
306338,14618,170,2023-08-29 22:00:00.000,2023-08-29 22:59:36.000,355,0.300000,145.000000,0.000000,2.916667
306349,14618,170,2023-08-29 22:59:36.000,2023-08-30 00:00:50.000,355,0.300000,144.000000,0.000000,0.000000
306358,14618,170,2023-08-30 00:00:50.000,2023-08-30 00:59:49.000,355,0.300000,141.000000,0.000000,2.000000
306368,14618,170,2023-08-30 00:59:49.000,2023-08-30 02:01:25.000,355,0.300000,154.000000,0.000000,0.000000
306373,14618,170,2023-08-30 02:01:25.000,2023-08-30 02:59:38.000,355,0.300000,138.000000,0.000000,3.850000
306386,14618,170,2023-08-30 02:59:38.000,2023-08-30 04:00:18.000,355,0.300000,149.000000,0.000000,0.000000
306395,14618,170,2023-08-30 04:00:18.000,2023-08-30 05:00:54.000,355,0.300000,145.000000,0.000000,0.000000
306414,14618,170,2023-08-30 05:00:54.000,2023-08-30 05:51:56.000,355,0.300000,129.000000,0.000000,0.000000
306453,14618,170,2023-08-30 06:00:00.000,2023-08-30 09:58:43.000,355,0.300000,580.000000,1.000000,5.050000
306505,14618,170,2023-08-30 09:58:43.000,2023-08-30 13:52:33.000,355,0.300000,586.000000,1.000000,0.000000
306524,14618,170,2023-08-30 14:00:00.000,2023-08-30 16:14:03.000,355,0.300000,306.000000,0.000000,13.216667
306706,14618,170,2023-08-31 06:00:00.000,2023-08-31 10:04:56.000,355,0.300000,406.000000,4.000000,6.133333
306750,14618,170,2023-08-31 10:04:56.000,2023-08-31 13:50:46.000,355,0.300000,456.000000,0.000000,47.583333
306782,14618,170,2023-08-31 14:00:00.000,2023-08-31 16:48:02.000,355,0.300000,394.000000,0.000000,13.266667
306795,14633,170,2023-08-31 16:48:02.000,2023-08-31 17:59:09.000,507,0.380000,116.000000,0.000000,28.433333
306838,14633,170,2023-08-31 17:59:09.000,2023-08-31 21:51:10.000,507,0.380000,566.000000,0.000000,10.550000
306867,14633,170,2023-08-31 22:00:00.000,2023-08-31 23:59:05.000,507,0.380000,286.000000,0.000000,0.000000
306898,14633,170,2023-08-31 23:59:05.000,2023-09-01 02:58:26.000,507,0.380000,455.000000,0.000000,0.000000
306938,14633,170,2023-09-01 02:58:26.000,2023-09-01 05:52:46.000,507,0.380000,435.000000,4.000000,0.000000
306977,14633,170,2023-09-01 06:00:00.000,2023-09-01 09:58:22.000,507,0.380000,502.000000,11.000000,9.916666
307029,14633,170,2023-09-01 09:58:22.000,2023-09-01 13:50:35.000,507,0.380000,584.000000,2.000000,9.600000
307108,14633,170,2023-09-01 14:00:00.000,2023-09-01 21:50:20.000,507,0.380000,532.000000,16.000000,5.516667
307124,14633,170,2023-09-01 22:00:00.000,2023-09-01 22:59:46.000,507,0.380000,131.000000,6.000000,0.000000
307137,14633,170,2023-09-01 22:59:46.000,2023-09-02 00:03:54.000,507,0.380000,158.000000,2.000000,0.000000
307152,14633,170,2023-09-02 00:03:54.000,2023-09-02 01:05:22.000,507,0.380000,162.000000,3.000000,0.000000
307172,14633,170,2023-09-02 01:05:22.000,2023-09-02 02:58:59.000,507,0.380000,284.000000,3.000000,0.000000
307178,14633,170,2023-09-02 02:58:59.000,2023-09-02 03:58:23.000,507,0.380000,138.000000,3.000000,0.000000
307198,14633,170,2023-09-02 03:58:23.000,2023-09-02 05:04:56.000,507,0.380000,156.000000,0.000000,0.000000
307212,14633,170,2023-09-02 05:04:56.000,2023-09-02 05:51:23.000,507,0.380000,115.000000,0.000000,0.000000
307307,14633,170,2023-09-02 14:00:00.000,2023-09-02 18:02:00.000,507,0.380000,631.000000,3.000000,0.000000
307324,14633,170,2023-09-02 18:02:00.000,2023-09-02 21:46:22.000,507,0.380000,566.000000,6.000000,2.300000
307331,14652,170,2023-09-04 06:00:00.000,2023-09-04 06:43:28.000,507,0.380000,20.000000,0.000000,32.466667
307341,14652,170,2023-09-04 06:43:28.000,2023-09-04 07:36:36.000,507,0.380000,0.000000,0.000000,53.119828
307363,14652,170,2023-09-04 07:36:36.000,2023-09-04 09:33:49.000,507,0.380000,266.000000,0.000000,9.050000
307365,14652,170,2023-09-04 09:33:49.000,2023-09-04 09:50:10.000,507,0.380000,0.000000,0.000000,16.346326
307389,14652,170,2023-09-04 09:50:10.000,2023-09-04 11:48:02.000,507,0.380000,302.000000,5.000000,3.183333
307428,14652,170,2023-09-04 14:00:00.000,2023-09-04 14:48:54.000,507,0.380000,110.000000,1.000000,5.516667
307439,14664,170,2023-09-04 14:48:54.000,2023-09-04 15:15:35.000,226,0.360000,0.000000,0.000000,0.000000
307479,14664,170,2023-09-04 15:15:35.000,2023-09-04 18:37:36.000,226,0.360000,0.000000,0.000000,202.011313
307482,14667,170,2023-09-04 18:37:36.000,2023-09-04 18:59:26.000,332,0.380000,29.000000,0.000000,10.083333
307489,14667,170,2023-09-04 18:59:26.000,2023-09-04 19:23:50.000,332,0.380000,51.000000,6.000000,0.000000
307517,14667,170,2023-09-04 19:23:50.000,2023-09-04 21:31:56.000,332,0.380000,0.000000,0.000000,128.088575
307534,14667,170,2023-09-04 21:31:56.000,2023-09-04 21:52:44.000,332,0.380000,32.000000,3.000000,3.816667
307575,14667,170,2023-09-04 22:00:00.000,2023-09-05 01:56:40.000,332,0.380000,584.000000,3.000000,0.000000
307591,14667,170,2023-09-05 01:56:40.000,2023-09-05 03:13:36.000,332,0.380000,197.000000,0.000000,0.000000
307593,14667,170,2023-09-05 03:13:36.000,2023-09-05 03:30:47.000,332,0.380000,0.000000,0.000000,17.173036
307626,14667,170,2023-09-05 03:30:47.000,2023-09-05 05:51:58.000,332,0.380000,346.000000,1.000000,0.000000
307663,14667,170,2023-09-05 06:00:00.000,2023-09-05 09:47:46.000,332,0.380000,306.000000,0.000000,104.266667
291197,13989,172,2023-06-01 01:58:31.000,2023-06-01 05:46:35.000,333,0.400000,639.000000,0.000000,0.000000
291342,14026,172,2023-06-06 14:00:00.000,2023-06-06 17:58:08.000,333,0.400000,509.000000,7.000000,14.366667
291373,14026,172,2023-06-06 17:58:08.000,2023-06-06 21:51:38.000,333,0.400000,485.000000,0.000000,5.116667
291413,14026,172,2023-06-06 22:00:00.000,2023-06-07 01:00:55.000,333,0.400000,353.000000,0.000000,21.950000
291464,14026,172,2023-06-07 01:00:55.000,2023-06-07 05:01:52.000,333,0.400000,414.000000,0.000000,2.266667
291474,14026,172,2023-06-07 05:01:52.000,2023-06-07 05:51:21.000,333,0.400000,109.000000,0.000000,2.616667
291520,14026,172,2023-06-07 06:00:00.000,2023-06-07 09:58:12.000,333,0.400000,519.000000,4.000000,9.983333
291570,14026,172,2023-06-07 09:58:12.000,2023-06-07 13:46:41.000,333,0.400000,501.000000,0.000000,0.000000
291584,14026,172,2023-06-07 14:00:00.000,2023-06-07 16:04:27.000,333,0.400000,212.000000,7.000000,21.150000
291590,14026,172,2023-06-07 16:04:27.000,2023-06-07 16:18:39.000,333,0.400000,0.000000,0.000000,14.195870
291602,14026,172,2023-06-07 16:18:39.000,2023-06-07 17:58:10.000,333,0.400000,225.000000,0.000000,3.266667
291640,14026,172,2023-06-07 17:58:10.000,2023-06-07 21:50:49.000,333,0.400000,512.000000,0.000000,3.150000
291670,14026,172,2023-06-07 22:00:00.000,2023-06-08 00:03:10.000,333,0.400000,248.000000,0.000000,0.000000
291748,14041,172,2023-06-08 00:03:10.000,2023-06-08 05:46:01.000,302,0.180000,0.000000,0.000000,0.000000
291764,14041,172,2023-06-08 05:46:01.000,2023-06-08 06:00:00.000,302,0.180000,0.000000,0.000000,13.983333
291765,14041,172,2023-06-08 06:00:00.000,2023-06-08 06:26:51.000,302,0.180000,0.000000,0.000000,26.840648
291775,14041,172,2023-06-08 06:26:51.000,2023-06-08 07:07:05.000,302,0.180000,0.000000,0.000000,40.226006
291812,14041,172,2023-06-08 07:07:05.000,2023-06-08 10:14:41.000,302,0.180000,810.000000,2.000000,26.483333
291856,14041,172,2023-06-08 10:14:41.000,2023-06-08 13:40:00.000,302,0.180000,964.000000,0.000000,5.200000
291871,14041,172,2023-06-08 14:00:00.000,2023-06-08 14:08:26.000,302,0.180000,4.000000,0.000000,6.100000
291873,14041,172,2023-06-08 14:08:26.000,2023-06-08 14:36:59.000,302,0.180000,0.000000,0.000000,28.546581
291898,14041,172,2023-06-08 14:36:59.000,2023-06-08 17:58:07.000,302,0.180000,928.000000,4.000000,11.000000
291928,14041,172,2023-06-08 17:58:07.000,2023-06-08 21:44:23.000,302,0.180000,1162.000000,0.000000,17.083332
292038,14041,172,2023-06-08 22:00:00.000,2023-06-09 05:35:27.000,302,0.180000,1906.000000,7.000000,26.433333
292083,14047,172,2023-06-09 06:00:00.000,2023-06-09 08:35:47.000,333,0.400000,223.000000,0.000000,48.816666
292090,14047,172,2023-06-09 08:35:47.000,2023-06-09 09:01:42.000,333,0.400000,0.000000,0.000000,25.901368
292140,14047,172,2023-06-09 09:01:42.000,2023-06-09 12:59:12.000,333,0.400000,539.000000,4.000000,5.216667
292170,14047,172,2023-06-09 14:00:00.000,2023-06-09 14:46:50.000,333,0.400000,102.000000,0.000000,2.400000
292195,14053,172,2023-06-09 14:46:50.000,2023-06-09 17:57:48.000,227,0.350000,344.000000,0.000000,63.533333
292223,14053,172,2023-06-09 17:57:48.000,2023-06-09 21:50:25.000,227,0.350000,616.000000,0.000000,4.183333
292259,14053,172,2023-06-09 22:00:00.000,2023-06-10 00:58:15.000,227,0.350000,458.000000,0.000000,10.966667
292310,14053,172,2023-06-10 00:58:15.000,2023-06-10 04:01:53.000,227,0.350000,460.000000,0.000000,6.950000
292345,14053,172,2023-06-10 04:01:53.000,2023-06-10 05:57:59.000,227,0.350000,308.000000,0.000000,0.000000
292359,14053,172,2023-06-10 06:00:00.000,2023-06-10 07:49:33.000,227,0.350000,257.000000,0.000000,12.200000
292370,14053,172,2023-06-10 07:49:33.000,2023-06-10 08:12:41.000,227,0.350000,0.000000,0.000000,23.120912
292390,14053,172,2023-06-10 08:12:41.000,2023-06-10 10:02:38.000,227,0.350000,276.000000,3.000000,3.216667
292430,14053,172,2023-06-10 10:02:38.000,2023-06-10 13:51:14.000,227,0.350000,583.000000,0.000000,0.000000
292465,14053,172,2023-06-10 14:00:00.000,2023-06-10 20:12:04.000,227,0.350000,262.000000,2.000000,2.866667
292466,14053,172,2023-06-10 20:12:04.000,2023-06-10 20:13:51.000,227,0.350000,0.000000,3.000000,0.000000
292714,14078,172,2023-06-12 22:00:00.000,2023-06-13 01:59:42.000,374,0.280000,583.000000,7.000000,41.316667
292769,14078,172,2023-06-13 01:59:42.000,2023-06-13 05:52:54.000,374,0.280000,555.000000,7.000000,44.033333
292793,14078,172,2023-06-13 06:00:00.000,2023-06-13 08:30:31.000,374,0.280000,356.000000,10.000000,13.966667
292795,14078,172,2023-06-13 08:30:31.000,2023-06-13 08:43:55.000,374,0.280000,0.000000,0.000000,13.386055
292807,14078,172,2023-06-13 08:43:55.000,2023-06-13 09:59:03.000,374,0.280000,140.000000,4.000000,15.833334
292843,14078,172,2023-06-13 09:59:03.000,2023-06-13 13:05:58.000,374,0.280000,502.000000,6.000000,5.233333
292853,14078,172,2023-06-13 13:05:58.000,2023-06-13 13:53:15.000,374,0.280000,134.000000,0.000000,0.000000
292910,14078,172,2023-06-13 14:00:00.000,2023-06-13 18:30:12.000,374,0.280000,538.000000,11.000000,26.266666
292942,14078,172,2023-06-13 18:30:12.000,2023-06-13 20:55:48.000,374,0.280000,332.000000,12.000000,29.983332
292967,14093,172,2023-06-13 20:55:48.000,2023-06-13 21:53:47.000,367,0.310000,0.000000,0.000000,58.966667
293022,14093,172,2023-06-13 22:00:00.000,2023-06-14 02:05:39.000,367,0.310000,411.000000,153.000000,37.183333
293072,14093,172,2023-06-14 02:05:39.000,2023-06-14 05:51:32.000,367,0.310000,572.000000,22.000000,4.900000
293111,14093,172,2023-06-14 06:00:00.000,2023-06-14 10:00:07.000,367,0.310000,591.000000,12.000000,20.066667
293148,14093,172,2023-06-14 10:00:07.000,2023-06-14 13:50:30.000,367,0.310000,591.000000,12.000000,8.550000
293168,14093,172,2023-06-14 14:00:00.000,2023-06-14 15:01:42.000,367,0.310000,161.000000,1.000000,3.233333
293178,14093,172,2023-06-14 15:01:42.000,2023-06-14 15:59:05.000,367,0.310000,148.000000,5.000000,0.000000
293193,14093,172,2023-06-14 15:59:05.000,2023-06-14 16:59:23.000,367,0.310000,166.000000,0.000000,0.000000
293205,14093,172,2023-06-14 16:59:23.000,2023-06-14 17:58:43.000,367,0.310000,151.000000,1.000000,3.416667
293221,14093,172,2023-06-14 17:58:43.000,2023-06-14 19:00:05.000,367,0.310000,146.000000,5.000000,5.783333
293235,14093,172,2023-06-14 19:00:05.000,2023-06-14 20:01:34.000,367,0.310000,64.000000,89.000000,5.316667
293250,14093,172,2023-06-14 20:01:34.000,2023-06-14 21:03:33.000,367,0.310000,46.000000,84.000000,11.200000
293264,14093,172,2023-06-14 21:03:33.000,2023-06-14 21:51:42.000,367,0.310000,129.000000,0.000000,0.000000
293315,14093,172,2023-06-14 22:00:00.000,2023-06-15 01:57:51.000,367,0.310000,409.000000,177.000000,22.933333
293371,14093,172,2023-06-15 01:57:51.000,2023-06-15 05:51:20.000,367,0.310000,621.000000,2.000000,5.300000
293398,14093,172,2023-06-15 06:00:00.000,2023-06-15 08:29:52.000,367,0.310000,285.000000,8.000000,40.850000
293401,14093,172,2023-06-15 08:29:52.000,2023-06-15 08:36:45.000,367,0.310000,0.000000,0.000000,6.879265
293412,14093,172,2023-06-15 08:36:45.000,2023-06-15 09:58:32.000,367,0.310000,217.000000,0.000000,2.066667
293462,14093,172,2023-06-15 09:58:32.000,2023-06-15 13:53:56.000,367,0.310000,606.000000,0.000000,13.933333
293477,14093,172,2023-06-15 14:00:00.000,2023-06-15 14:59:15.000,367,0.310000,137.000000,2.000000,9.133333
293495,14093,172,2023-06-15 14:59:15.000,2023-06-15 16:01:40.000,367,0.310000,104.000000,5.000000,23.133333
293505,14093,172,2023-06-15 16:01:40.000,2023-06-15 16:58:36.000,367,0.310000,57.000000,7.000000,28.550000
293518,14093,172,2023-06-15 16:58:36.000,2023-06-15 17:59:44.000,367,0.310000,164.000000,0.000000,0.000000
293524,14093,172,2023-06-15 17:59:44.000,2023-06-15 18:12:43.000,367,0.310000,23.000000,0.000000,5.650000
293525,14093,172,2023-06-15 18:12:43.000,2023-06-15 18:20:53.000,367,0.310000,0.000000,0.000000,8.163491
293535,14093,172,2023-06-15 18:20:53.000,2023-06-15 19:01:23.000,367,0.310000,90.000000,3.000000,5.516667
293557,14093,172,2023-06-15 19:01:23.000,2023-06-15 20:59:59.000,367,0.310000,292.000000,1.000000,8.333333
293579,14093,172,2023-06-15 20:59:59.000,2023-06-15 21:51:40.000,367,0.310000,128.000000,1.000000,4.166667
293636,14093,172,2023-06-15 22:00:00.000,2023-06-16 02:00:09.000,367,0.310000,566.000000,2.000000,9.133333
293680,14093,172,2023-06-16 02:00:09.000,2023-06-16 05:50:10.000,367,0.310000,613.000000,4.000000,3.700000
293717,14093,172,2023-06-16 06:00:00.000,2023-06-16 09:58:02.000,367,0.310000,625.000000,0.000000,9.383333
293756,14093,172,2023-06-16 09:58:02.000,2023-06-16 13:52:07.000,367,0.310000,609.000000,5.000000,8.183333
293789,14093,172,2023-06-16 14:00:00.000,2023-06-16 16:00:09.000,367,0.310000,270.000000,0.000000,19.150000
293804,14093,172,2023-06-16 16:00:09.000,2023-06-16 16:59:18.000,367,0.310000,102.000000,0.000000,0.000000
293819,14093,172,2023-06-16 16:59:18.000,2023-06-16 18:01:02.000,367,0.310000,169.000000,6.000000,3.100000
293851,14093,172,2023-06-16 18:01:02.000,2023-06-16 20:51:42.000,367,0.310000,336.000000,94.000000,7.800000
293877,14093,172,2023-06-16 20:51:42.000,2023-06-16 21:52:35.000,367,0.310000,44.000000,40.000000,7.999999
293893,14093,172,2023-06-16 22:00:00.000,2023-06-16 23:28:10.000,367,0.310000,111.000000,30.000000,0.000000
293923,14116,172,2023-06-16 23:28:10.000,2023-06-17 01:59:29.000,265,0.320000,141.000000,0.000000,0.000000
293964,14116,172,2023-06-17 01:59:29.000,2023-06-17 05:49:22.000,265,0.320000,641.000000,3.000000,0.000000
293993,14116,172,2023-06-17 06:00:00.000,2023-06-17 09:56:53.000,265,0.320000,652.000000,2.000000,8.716667
294280,14151,172,2023-06-19 14:00:00.000,2023-06-19 21:50:23.000,333,0.400000,328.000000,0.000000,0.000000
294323,14151,172,2023-06-19 22:00:00.000,2023-06-20 01:59:47.000,333,0.400000,537.000000,0.000000,8.650000
294349,14151,172,2023-06-20 01:59:47.000,2023-06-20 05:05:36.000,333,0.400000,155.000000,2.000000,0.000000
294388,14151,172,2023-06-20 06:00:00.000,2023-06-20 08:58:20.000,333,0.400000,183.000000,4.000000,15.566667
294411,14151,172,2023-06-20 08:58:20.000,2023-06-20 10:02:24.000,333,0.400000,142.000000,0.000000,2.666667
294428,14151,172,2023-06-20 10:02:24.000,2023-06-20 12:01:20.000,333,0.400000,224.000000,0.000000,0.000000
294441,14151,172,2023-06-20 12:01:20.000,2023-06-20 13:01:47.000,333,0.400000,128.000000,0.000000,3.216667
294460,14151,172,2023-06-20 13:01:47.000,2023-06-20 13:54:21.000,333,0.400000,106.000000,0.000000,7.450000
294506,14151,172,2023-06-20 14:00:00.000,2023-06-20 18:00:09.000,333,0.400000,516.000000,1.000000,0.000000
294559,14151,172,2023-06-20 18:00:09.000,2023-06-20 21:51:33.000,333,0.400000,501.000000,1.000000,9.483333
294591,14151,172,2023-06-20 22:00:00.000,2023-06-21 01:58:10.000,333,0.400000,534.000000,3.000000,11.716666
294639,14151,172,2023-06-21 01:58:10.000,2023-06-21 05:53:20.000,333,0.400000,511.000000,2.000000,5.583333
294663,14151,172,2023-06-21 06:00:00.000,2023-06-21 07:58:39.000,333,0.400000,249.000000,0.000000,10.366667
294695,14151,172,2023-06-21 07:58:39.000,2023-06-21 09:59:02.000,333,0.400000,274.000000,0.000000,0.000000
294747,14151,172,2023-06-21 09:59:02.000,2023-06-21 12:59:18.000,333,0.400000,399.000000,0.000000,3.933333
294763,14151,172,2023-06-21 12:59:18.000,2023-06-21 13:50:48.000,333,0.400000,116.000000,0.000000,0.000000
294814,14151,172,2023-06-21 14:00:00.000,2023-06-21 17:57:57.000,333,0.400000,502.000000,1.000000,12.783333
294840,14151,172,2023-06-21 17:57:57.000,2023-06-21 20:46:22.000,333,0.400000,312.000000,0.000000,0.000000
294875,14151,172,2023-06-21 20:46:22.000,2023-06-21 22:00:00.000,333,0.400000,0.000000,0.000000,73.633333
294874,14151,172,2023-06-21 22:00:00.000,2023-06-21 22:34:55.000,333,0.400000,0.000000,0.000000,34.905308
294899,14151,172,2023-06-21 22:34:55.000,2023-06-22 01:57:46.000,333,0.400000,470.000000,3.000000,8.683334
294940,14151,172,2023-06-22 01:57:46.000,2023-06-22 05:53:05.000,333,0.400000,510.000000,0.000000,9.333333
294985,14151,172,2023-06-22 06:00:00.000,2023-06-22 08:58:30.000,333,0.400000,378.000000,0.000000,10.316667
294997,14151,172,2023-06-22 08:58:30.000,2023-06-22 09:18:06.000,333,0.400000,44.000000,0.000000,0.000000
295238,14186,172,2023-06-23 06:00:00.000,2023-06-23 06:57:17.000,401,0.400000,130.000000,0.000000,12.033333
295309,14186,172,2023-06-23 06:57:17.000,2023-06-23 12:00:58.000,401,0.400000,421.000000,29.000000,3.133333
295339,14186,172,2023-06-23 12:00:58.000,2023-06-23 13:52:36.000,401,0.400000,246.000000,0.000000,2.183333
295392,14186,172,2023-06-23 14:00:00.000,2023-06-23 19:01:34.000,401,0.400000,520.000000,0.000000,2.716667
295430,14186,172,2023-06-23 19:01:34.000,2023-06-23 21:54:36.000,401,0.400000,310.000000,0.000000,0.000000
295461,14186,172,2023-06-23 22:00:00.000,2023-06-24 01:58:13.000,401,0.400000,477.000000,0.000000,26.850000
295498,14186,172,2023-06-24 01:58:13.000,2023-06-24 05:52:05.000,401,0.400000,531.000000,0.000000,4.000000
295513,14186,172,2023-06-24 06:00:00.000,2023-06-24 07:08:44.000,401,0.400000,112.000000,0.000000,18.083333
295542,14186,172,2023-06-24 07:08:44.000,2023-06-24 09:10:48.000,401,0.400000,117.000000,0.000000,0.000000
295570,14186,172,2023-06-24 09:10:48.000,2023-06-24 12:01:01.000,401,0.400000,171.000000,17.000000,2.816667
295577,14186,172,2023-06-24 12:01:01.000,2023-06-24 12:59:01.000,401,0.400000,129.000000,0.000000,0.000000
295594,14186,172,2023-06-24 12:59:01.000,2023-06-24 13:51:53.000,401,0.400000,116.000000,0.000000,0.000000
295655,14215,172,2023-06-26 06:00:00.000,2023-06-26 08:24:43.000,401,0.400000,234.000000,0.000000,0.000000
295773,14219,172,2023-06-26 14:00:00.000,2023-06-26 17:58:05.000,333,0.400000,524.000000,3.000000,4.000000
295804,14219,172,2023-06-26 17:58:05.000,2023-06-26 21:23:24.000,333,0.400000,451.000000,0.000000,4.033333
295884,14219,172,2023-06-26 22:00:00.000,2023-06-27 02:59:28.000,333,0.400000,648.000000,6.000000,3.683333
295929,14219,172,2023-06-27 02:59:28.000,2023-06-27 05:53:55.000,333,0.400000,375.000000,0.000000,6.116667
295977,14219,172,2023-06-27 06:00:00.000,2023-06-27 09:57:31.000,333,0.400000,464.000000,2.000000,6.633334
296055,14219,172,2023-06-27 09:57:31.000,2023-06-27 13:50:50.000,333,0.400000,429.000000,0.000000,3.200000
296099,14219,172,2023-06-27 14:00:00.000,2023-06-27 17:57:36.000,333,0.400000,498.000000,5.000000,9.916667
296134,14219,172,2023-06-27 17:57:36.000,2023-06-27 21:50:47.000,333,0.400000,483.000000,2.000000,10.716666
296174,14219,172,2023-06-27 22:00:00.000,2023-06-28 00:27:26.000,333,0.400000,301.000000,0.000000,10.533333
296211,14219,172,2023-06-28 00:27:26.000,2023-06-28 03:30:02.000,333,0.400000,0.000000,0.000000,182.596024
296246,14219,172,2023-06-28 03:30:02.000,2023-06-28 05:52:20.000,333,0.400000,300.000000,0.000000,6.983333
296303,14219,172,2023-06-28 06:00:00.000,2023-06-28 09:59:07.000,333,0.400000,518.000000,3.000000,1.716667
296380,14219,172,2023-06-28 09:59:07.000,2023-06-28 13:54:53.000,333,0.400000,350.000000,5.000000,7.516667
296407,14219,172,2023-06-28 14:00:00.000,2023-06-28 18:00:18.000,333,0.400000,513.000000,0.000000,6.566667
296440,14219,172,2023-06-28 18:00:18.000,2023-06-28 21:50:50.000,333,0.400000,495.000000,0.000000,5.250000
296489,14219,172,2023-06-28 22:00:00.000,2023-06-29 00:59:31.000,333,0.400000,380.000000,0.000000,6.816667
296522,14219,172,2023-06-29 00:59:31.000,2023-06-29 02:59:33.000,333,0.400000,119.000000,0.000000,4.033333
296574,14219,172,2023-06-29 02:59:33.000,2023-06-29 05:53:34.000,333,0.400000,367.000000,3.000000,2.516667
296639,14219,172,2023-06-29 06:00:00.000,2023-06-29 10:16:18.000,333,0.400000,366.000000,0.000000,10.850000
296702,14219,172,2023-06-29 10:16:18.000,2023-06-29 13:52:19.000,333,0.400000,425.000000,3.000000,19.983333
296731,14219,172,2023-06-29 14:00:00.000,2023-06-29 16:47:29.000,333,0.400000,287.000000,0.000000,14.983333
296732,14219,172,2023-06-29 16:47:29.000,2023-06-29 16:58:53.000,333,0.400000,0.000000,0.000000,11.398859
296738,14219,172,2023-06-29 16:58:53.000,2023-06-29 17:36:12.000,333,0.400000,51.000000,0.000000,10.766667
296739,14219,172,2023-06-29 17:36:12.000,2023-06-29 17:51:47.000,333,0.400000,0.000000,0.000000,15.571698
296752,14219,172,2023-06-29 17:51:47.000,2023-06-29 18:19:51.000,333,0.400000,53.000000,0.000000,4.216667
296753,14219,172,2023-06-29 18:19:51.000,2023-06-29 18:29:41.000,333,0.400000,0.000000,0.000000,9.818843
296794,14219,172,2023-06-29 18:29:41.000,2023-06-29 21:55:01.000,333,0.400000,372.000000,5.000000,34.633333
296952,14219,172,2023-06-30 06:00:00.000,2023-06-30 10:02:25.000,333,0.400000,465.000000,0.000000,33.183333
297019,14219,172,2023-06-30 10:02:25.000,2023-06-30 13:52:26.000,333,0.400000,371.000000,0.000000,0.000000
297043,14219,172,2023-06-30 14:00:00.000,2023-06-30 16:49:13.000,333,0.400000,298.000000,3.000000,8.800000
297085,14255,172,2023-06-30 16:49:13.000,2023-06-30 20:36:27.000,312,0.500000,204.000000,2.000000,90.000000
297120,14257,172,2023-06-30 22:00:00.000,2023-06-30 23:06:36.000,443,0.300000,2.000000,0.000000,53.533333
297124,14257,172,2023-06-30 23:06:36.000,2023-06-30 23:28:02.000,443,0.300000,0.000000,0.000000,21.417230
297150,14257,172,2023-06-30 23:28:02.000,2023-07-01 01:58:32.000,443,0.300000,466.000000,0.000000,6.316667
297180,14257,172,2023-07-01 01:58:32.000,2023-07-01 03:58:40.000,443,0.300000,368.000000,0.000000,3.116667
297199,14257,172,2023-07-01 03:58:40.000,2023-07-01 05:01:23.000,443,0.300000,193.000000,0.000000,2.783333
297215,14257,172,2023-07-01 05:01:23.000,2023-07-01 05:52:19.000,443,0.300000,166.000000,0.000000,0.000000
297313,14257,172,2023-07-01 14:00:00.000,2023-07-01 17:58:47.000,443,0.300000,704.000000,5.000000,7.283334
297328,14257,172,2023-07-01 17:58:47.000,2023-07-01 21:46:03.000,443,0.300000,691.000000,0.000000,4.600000
297361,14284,172,2023-07-03 06:00:00.000,2023-07-03 09:29:04.000,443,0.300000,415.000000,5.000000,38.733333
297409,14285,172,2023-07-03 09:29:04.000,2023-07-03 13:50:08.000,333,0.400000,470.000000,7.000000,20.866666
297494,14285,172,2023-07-03 14:00:00.000,2023-07-03 19:58:31.000,333,0.400000,499.000000,0.000000,0.000000
297529,14285,172,2023-07-03 19:58:31.000,2023-07-03 21:52:17.000,333,0.400000,242.000000,1.000000,3.766667
297587,14285,172,2023-07-03 22:00:00.000,2023-07-04 01:56:54.000,333,0.400000,435.000000,0.000000,39.349999
297635,14285,172,2023-07-04 01:56:54.000,2023-07-04 05:50:37.000,333,0.400000,507.000000,0.000000,3.000000
297689,14285,172,2023-07-04 06:00:00.000,2023-07-04 10:07:36.000,333,0.400000,492.000000,0.000000,16.600000
297729,14285,172,2023-07-04 10:07:36.000,2023-07-04 13:52:05.000,333,0.400000,422.000000,8.000000,23.250000
297776,14285,172,2023-07-04 14:00:00.000,2023-07-04 17:00:42.000,333,0.400000,350.000000,0.000000,17.850000
297812,14285,172,2023-07-04 17:00:42.000,2023-07-04 19:59:16.000,333,0.400000,251.000000,0.000000,4.300000
297847,14285,172,2023-07-04 19:59:16.000,2023-07-04 21:53:03.000,333,0.400000,235.000000,0.000000,5.483333
297907,14285,172,2023-07-04 22:00:00.000,2023-07-05 01:58:52.000,333,0.400000,441.000000,0.000000,11.050000
297954,14285,172,2023-07-05 01:58:52.000,2023-07-05 05:52:56.000,333,0.400000,480.000000,0.000000,16.933333
297997,14285,172,2023-07-05 06:00:00.000,2023-07-05 09:57:34.000,333,0.400000,431.000000,0.000000,38.533333
298047,14285,172,2023-07-05 09:57:34.000,2023-07-05 13:50:19.000,333,0.400000,456.000000,7.000000,21.550000
298081,14285,172,2023-07-05 14:00:00.000,2023-07-05 16:01:12.000,333,0.400000,221.000000,1.000000,14.616667
298094,14285,172,2023-07-05 16:01:12.000,2023-07-05 17:01:28.000,333,0.400000,125.000000,0.000000,0.000000
298163,14285,172,2023-07-05 17:01:28.000,2023-07-05 21:52:38.000,333,0.400000,500.000000,0.000000,2.650000
298214,14285,172,2023-07-05 22:00:00.000,2023-07-06 01:58:43.000,333,0.400000,441.000000,0.000000,18.016667
298273,14285,172,2023-07-06 01:58:43.000,2023-07-06 05:19:34.000,333,0.400000,301.000000,0.000000,0.000000
298318,14285,172,2023-07-06 06:00:00.000,2023-07-06 08:24:08.000,333,0.400000,241.000000,4.000000,32.550000
298327,14285,172,2023-07-06 08:24:08.000,2023-07-06 09:46:42.000,333,0.400000,10.000000,0.000000,77.566667
298340,14285,172,2023-07-06 09:46:42.000,2023-07-06 10:31:29.000,333,0.400000,0.000000,0.000000,44.777765
298378,14304,172,2023-07-06 10:31:29.000,2023-07-06 13:50:41.000,370,0.350000,499.000000,4.000000,2.083333
298401,14304,172,2023-07-06 14:00:00.000,2023-07-06 14:59:15.000,370,0.350000,104.000000,5.000000,18.000000
298454,14304,172,2023-07-06 14:59:15.000,2023-07-06 20:01:09.000,370,0.350000,766.000000,1.000000,0.000000
298459,14304,172,2023-07-06 20:01:09.000,2023-07-06 20:43:05.000,370,0.350000,104.000000,1.000000,0.000000
298469,14304,172,2023-07-06 20:43:05.000,2023-07-06 21:05:44.000,370,0.350000,0.000000,0.000000,22.637825
298483,14304,172,2023-07-06 21:05:44.000,2023-07-06 21:54:09.000,370,0.350000,126.000000,0.000000,0.000000
298525,14304,172,2023-07-06 22:00:00.000,2023-07-07 02:02:02.000,370,0.350000,558.000000,4.000000,8.883334
298579,14304,172,2023-07-07 02:02:02.000,2023-07-07 05:53:03.000,370,0.350000,560.000000,2.000000,6.950000
298621,14304,172,2023-07-07 06:00:00.000,2023-07-07 09:57:49.000,370,0.350000,519.000000,5.000000,34.566667
298675,14304,172,2023-07-07 09:57:49.000,2023-07-07 13:52:27.000,370,0.350000,572.000000,0.000000,10.683333
298717,14304,172,2023-07-07 14:00:00.000,2023-07-07 16:59:17.000,370,0.350000,433.000000,0.000000,7.683333
298728,14304,172,2023-07-07 16:59:17.000,2023-07-07 17:58:33.000,370,0.350000,154.000000,0.000000,0.000000
298749,14304,172,2023-07-07 17:58:33.000,2023-07-07 20:00:10.000,370,0.350000,305.000000,0.000000,2.766667
298780,14304,172,2023-07-07 20:00:10.000,2023-07-07 21:52:24.000,370,0.350000,260.000000,0.000000,4.316667
298876,14304,172,2023-07-08 06:00:00.000,2023-07-08 09:57:51.000,370,0.350000,593.000000,0.000000,9.000000
298897,14304,172,2023-07-08 09:57:51.000,2023-07-08 13:50:55.000,370,0.350000,593.000000,0.000000,5.083333
298923,14304,172,2023-07-08 14:00:00.000,2023-07-08 16:58:58.000,370,0.350000,435.000000,0.000000,11.183333
298929,14304,172,2023-07-08 16:58:58.000,2023-07-08 17:58:27.000,370,0.350000,156.000000,0.000000,0.000000
298952,14304,172,2023-07-08 17:58:27.000,2023-07-08 20:59:48.000,370,0.350000,455.000000,4.000000,4.116667
298964,14304,172,2023-07-08 20:59:48.000,2023-07-08 21:50:38.000,370,0.350000,135.000000,0.000000,0.000000
299134,14329,172,2023-07-10 14:00:00.000,2023-07-10 18:38:04.000,370,0.350000,643.000000,8.000000,25.183333
299170,14329,172,2023-07-10 18:38:04.000,2023-07-10 20:45:57.000,370,0.350000,267.000000,0.000000,24.866667
299174,14329,172,2023-07-10 20:45:57.000,2023-07-10 20:56:02.000,370,0.350000,0.000000,0.000000,10.067958
299202,14329,172,2023-07-10 20:56:02.000,2023-07-10 21:50:53.000,370,0.350000,125.000000,3.000000,3.066667
299330,14329,172,2023-07-11 06:00:00.000,2023-07-11 10:00:11.000,370,0.350000,558.000000,0.000000,23.816667
299338,14329,172,2023-07-11 10:00:11.000,2023-07-11 10:26:12.000,370,0.350000,0.000000,0.000000,26.000743
299341,14329,172,2023-07-11 10:26:12.000,2023-07-11 10:46:47.000,370,0.350000,40.000000,0.000000,6.600000
299394,14351,172,2023-07-11 10:46:47.000,2023-07-11 13:51:51.000,495,0.180000,450.000000,0.000000,84.500000
299428,14351,172,2023-07-11 14:00:00.000,2023-07-11 16:31:40.000,495,0.180000,472.000000,0.000000,12.366667
299477,14352,172,2023-07-11 16:31:40.000,2023-07-11 20:51:33.000,302,0.180000,676.000000,0.000000,69.300000
299500,14352,172,2023-07-11 22:00:00.000,2023-07-11 22:51:41.000,302,0.180000,206.000000,0.000000,5.150000
299508,14352,172,2023-07-11 22:51:41.000,2023-07-11 23:13:28.000,302,0.180000,0.000000,0.000000,21.769433
299520,14352,172,2023-07-11 23:13:28.000,2023-07-12 00:50:50.000,302,0.180000,368.000000,0.000000,0.000000
299526,14352,172,2023-07-12 00:50:50.000,2023-07-12 01:06:30.000,302,0.180000,0.000000,0.000000,15.661050
299533,14352,172,2023-07-12 01:06:30.000,2023-07-12 01:59:20.000,302,0.180000,150.000000,0.000000,0.000000
299560,14352,172,2023-07-12 01:59:20.000,2023-07-12 05:42:10.000,302,0.180000,868.000000,5.000000,0.000000
299578,14352,172,2023-07-12 06:00:00.000,2023-07-12 06:10:37.000,302,0.180000,0.000000,0.000000,0.000000
299580,14352,172,2023-07-12 06:10:37.000,2023-07-12 06:24:21.000,302,0.180000,0.000000,0.000000,13.727504
299594,14352,172,2023-07-12 06:24:21.000,2023-07-12 07:16:43.000,302,0.180000,258.000000,0.000000,7.183333
299595,14352,172,2023-07-12 07:16:43.000,2023-07-12 07:36:54.000,302,0.180000,0.000000,0.000000,20.175114
299623,14352,172,2023-07-12 07:36:54.000,2023-07-12 10:37:09.000,302,0.180000,614.000000,0.000000,5.200000
299625,14352,172,2023-07-12 10:37:09.000,2023-07-12 10:59:11.000,302,0.180000,0.000000,0.000000,22.029146
299632,14352,172,2023-07-12 10:59:11.000,2023-07-12 11:11:16.000,302,0.180000,40.000000,2.000000,0.000000
299633,14352,172,2023-07-12 11:11:16.000,2023-07-12 11:19:59.000,302,0.180000,0.000000,0.000000,0.000000
299657,14352,172,2023-07-12 11:19:59.000,2023-07-12 13:05:13.000,302,0.180000,0.000000,0.000000,105.223518
299665,14352,172,2023-07-12 13:05:13.000,2023-07-12 13:50:52.000,302,0.180000,154.000000,0.000000,0.000000
299681,14352,172,2023-07-12 14:00:00.000,2023-07-12 14:12:24.000,302,0.180000,0.000000,0.000000,0.000000
299690,14352,172,2023-07-12 14:12:24.000,2023-07-12 15:18:00.000,302,0.180000,0.000000,0.000000,65.589865
299732,14352,172,2023-07-12 15:18:00.000,2023-07-12 19:11:27.000,302,0.180000,262.000000,0.000000,0.000000
299746,14352,172,2023-07-12 19:11:27.000,2023-07-12 20:36:53.000,302,0.180000,0.000000,0.000000,85.430038
299758,14352,172,2023-07-12 20:36:53.000,2023-07-12 21:33:42.000,302,0.180000,624.000000,0.000000,0.000000
299782,14352,172,2023-07-12 22:00:00.000,2023-07-12 23:06:51.000,302,0.180000,236.000000,0.000000,20.450000
299783,14352,172,2023-07-12 23:06:51.000,2023-07-12 23:34:49.000,302,0.180000,0.000000,0.000000,27.951466
299799,14352,172,2023-07-12 23:34:49.000,2023-07-13 01:11:47.000,302,0.180000,460.000000,0.000000,8.800000
299800,14352,172,2023-07-13 01:11:47.000,2023-07-13 01:19:00.000,302,0.180000,0.000000,0.000000,7.214923
299802,14352,172,2023-07-13 01:19:00.000,2023-07-13 01:25:09.000,302,0.180000,2.000000,0.000000,4.383333
299805,14352,172,2023-07-13 01:25:09.000,2023-07-13 01:57:51.000,302,0.180000,0.000000,0.000000,32.693045
299816,14352,172,2023-07-13 01:57:51.000,2023-07-13 02:23:40.000,302,0.180000,0.000000,0.000000,25.766667
299819,14352,172,2023-07-13 02:23:40.000,2023-07-13 02:49:15.000,302,0.180000,0.000000,0.000000,25.583292
299847,14352,172,2023-07-13 02:49:15.000,2023-07-13 05:49:12.000,302,0.180000,772.000000,0.000000,0.000000
299915,14352,172,2023-07-13 06:00:00.000,2023-07-13 11:02:34.000,302,0.180000,1024.000000,4.000000,28.933334
299952,14352,172,2023-07-13 11:02:34.000,2023-07-13 13:51:56.000,302,0.180000,742.000000,1.000000,8.616667
300064,14352,172,2023-07-13 22:00:00.000,2023-07-13 22:53:05.000,302,0.180000,200.000000,0.000000,4.933333
300070,14352,172,2023-07-13 22:53:05.000,2023-07-13 23:42:17.000,302,0.180000,0.000000,0.000000,49.198012
300092,14352,172,2023-07-13 23:42:17.000,2023-07-14 01:58:32.000,302,0.180000,722.000000,0.000000,4.966667
300124,14352,172,2023-07-14 01:58:32.000,2023-07-14 04:59:58.000,302,0.180000,896.000000,0.000000,6.000000
300129,14352,172,2023-07-14 04:59:58.000,2023-07-14 05:46:16.000,302,0.180000,200.000000,0.000000,5.750000
300378,14352,172,2023-07-14 22:00:00.000,2023-07-15 01:56:12.000,302,0.180000,1128.000000,0.000000,25.116666
300414,14352,172,2023-07-15 01:56:12.000,2023-07-15 05:46:52.000,302,0.180000,1024.000000,0.000000,9.000000
300455,14381,172,2023-07-17 06:00:00.000,2023-07-17 10:38:18.000,302,0.180000,490.000000,0.000000,0.000000
300466,14381,172,2023-07-17 10:38:18.000,2023-07-17 11:28:32.000,302,0.180000,0.000000,0.000000,50.216667
300476,14381,172,2023-07-17 11:28:32.000,2023-07-17 12:05:15.000,302,0.180000,20.000000,0.000000,0.000000
300482,14381,172,2023-07-17 12:05:15.000,2023-07-17 12:36:09.000,302,0.180000,0.000000,0.000000,30.896489
300503,14398,172,2023-07-17 12:36:09.000,2023-07-17 13:51:54.000,370,0.350000,176.000000,0.000000,0.000000
300550,14398,172,2023-07-17 14:00:00.000,2023-07-17 18:03:08.000,370,0.350000,595.000000,3.000000,4.383333
300594,14398,172,2023-07-17 18:03:08.000,2023-07-17 21:51:12.000,370,0.350000,591.000000,5.000000,0.000000
300612,14398,172,2023-07-17 22:00:00.000,2023-07-17 23:00:23.000,370,0.350000,118.000000,0.000000,16.466667
300640,14398,172,2023-07-17 23:00:23.000,2023-07-18 01:45:35.000,370,0.350000,422.000000,0.000000,3.800000
300651,14398,172,2023-07-18 01:45:35.000,2023-07-18 02:06:28.000,370,0.350000,0.000000,0.000000,20.875593
300654,14398,172,2023-07-18 02:06:28.000,2023-07-18 02:58:44.000,370,0.350000,118.000000,0.000000,0.000000
300681,14398,172,2023-07-18 02:58:44.000,2023-07-18 05:03:14.000,370,0.350000,309.000000,2.000000,5.183333
300694,14398,172,2023-07-18 05:03:14.000,2023-07-18 05:52:58.000,370,0.350000,124.000000,0.000000,0.000000
300725,14398,172,2023-07-18 06:00:00.000,2023-07-18 08:40:27.000,370,0.350000,374.000000,0.000000,8.666667
300733,14398,172,2023-07-18 08:40:27.000,2023-07-18 09:07:05.000,370,0.350000,0.000000,0.000000,26.619794
300736,14398,172,2023-07-18 09:07:05.000,2023-07-18 09:17:31.000,370,0.350000,20.000000,0.000000,0.000000
300739,14398,172,2023-07-18 09:17:31.000,2023-07-18 09:33:16.000,370,0.350000,0.000000,0.000000,15.741378
300740,14398,172,2023-07-18 09:33:16.000,2023-07-18 09:37:20.000,370,0.350000,8.000000,0.000000,0.000000
300750,14398,172,2023-07-18 09:37:20.000,2023-07-18 10:03:54.000,370,0.350000,0.000000,0.000000,26.564013
300758,14398,172,2023-07-18 10:03:54.000,2023-07-18 10:28:42.000,370,0.350000,48.000000,0.000000,0.000000
300767,14398,172,2023-07-18 10:28:42.000,2023-07-18 11:05:07.000,370,0.350000,0.000000,0.000000,36.416456
300799,14398,172,2023-07-18 11:05:07.000,2023-07-18 13:50:13.000,370,0.350000,421.000000,2.000000,2.833333
300837,14398,172,2023-07-18 14:00:00.000,2023-07-18 18:00:39.000,370,0.350000,607.000000,0.000000,11.116667
300884,14398,172,2023-07-18 18:00:39.000,2023-07-18 21:51:04.000,370,0.350000,598.000000,0.000000,2.066667
300912,14398,172,2023-07-18 22:00:00.000,2023-07-18 23:39:58.000,370,0.350000,182.000000,0.000000,12.216667
300914,14398,172,2023-07-18 23:39:58.000,2023-07-18 23:53:37.000,370,0.350000,0.000000,0.000000,13.637126
300935,14398,172,2023-07-18 23:53:37.000,2023-07-19 01:04:06.000,370,0.350000,188.000000,0.000000,0.000000
300987,14398,172,2023-07-19 01:04:06.000,2023-07-19 05:02:03.000,370,0.350000,475.000000,6.000000,8.666667
301005,14398,172,2023-07-19 05:02:03.000,2023-07-19 05:53:25.000,370,0.350000,135.000000,0.000000,0.000000
301022,14398,172,2023-07-19 06:00:00.000,2023-07-19 07:58:11.000,370,0.350000,285.000000,2.000000,10.366667
301052,14412,172,2023-07-19 07:58:11.000,2023-07-19 10:01:36.000,443,0.300000,294.000000,1.000000,8.783333
301061,14412,172,2023-07-19 10:01:36.000,2023-07-19 10:52:39.000,443,0.300000,152.000000,0.000000,0.000000
301082,14412,172,2023-07-19 10:52:39.000,2023-07-19 12:28:21.000,443,0.300000,0.000000,0.000000,95.697397
301102,14412,172,2023-07-19 12:28:21.000,2023-07-19 13:49:42.000,443,0.300000,239.000000,5.000000,2.850000
301147,14412,172,2023-07-19 14:00:00.000,2023-07-19 17:59:20.000,443,0.300000,708.000000,0.000000,0.000000
301192,14412,172,2023-07-19 17:59:20.000,2023-07-19 21:50:37.000,443,0.300000,706.000000,0.000000,7.833333
301232,14412,172,2023-07-19 22:00:00.000,2023-07-20 01:02:03.000,443,0.300000,546.000000,0.000000,9.633333
301272,14412,172,2023-07-20 01:02:03.000,2023-07-20 04:57:38.000,443,0.300000,576.000000,2.000000,7.533333
301296,14412,172,2023-07-20 04:57:38.000,2023-07-20 05:52:59.000,443,0.300000,172.000000,0.000000,0.000000
301426,14412,172,2023-07-20 14:00:00.000,2023-07-20 17:58:53.000,443,0.300000,723.000000,0.000000,10.383333
301467,14412,172,2023-07-20 17:58:53.000,2023-07-20 21:50:19.000,443,0.300000,735.000000,0.000000,0.000000
301509,14412,172,2023-07-20 22:00:00.000,2023-07-21 01:05:21.000,443,0.300000,553.000000,0.000000,6.783333
301541,14412,172,2023-07-21 01:05:21.000,2023-07-21 04:56:46.000,443,0.300000,593.000000,0.000000,0.000000
301558,14412,172,2023-07-21 04:56:46.000,2023-07-21 05:51:46.000,443,0.300000,170.000000,0.000000,0.000000
301576,14412,172,2023-07-21 06:00:00.000,2023-07-21 07:06:45.000,443,0.300000,197.000000,0.000000,7.383333
301602,14423,172,2023-07-21 07:06:45.000,2023-07-21 09:58:52.000,227,0.350000,327.000000,0.000000,37.016666
301646,14423,172,2023-07-21 09:58:52.000,2023-07-21 13:46:56.000,227,0.350000,619.000000,0.000000,5.033333
301672,14423,172,2023-07-21 14:00:00.000,2023-07-21 16:20:16.000,227,0.350000,334.000000,0.000000,19.433333
301762,14423,172,2023-07-21 22:00:00.000,2023-07-22 00:59:15.000,227,0.350000,449.000000,0.000000,15.400000
301790,14423,172,2023-07-22 00:59:15.000,2023-07-22 02:59:56.000,227,0.350000,155.000000,0.000000,4.000000
301830,14423,172,2023-07-22 02:59:56.000,2023-07-22 05:52:38.000,227,0.350000,471.000000,0.000000,0.000000
301868,14439,172,2023-07-24 06:00:00.000,2023-07-24 10:00:43.000,227,0.350000,541.000000,0.000000,40.283333
301912,14439,172,2023-07-24 10:00:43.000,2023-07-24 13:54:50.000,227,0.350000,622.000000,0.000000,6.750000
301944,14439,172,2023-07-24 14:00:00.000,2023-07-24 17:02:06.000,227,0.350000,486.000000,0.000000,2.616667
301974,14454,172,2023-07-24 17:02:06.000,2023-07-24 19:29:38.000,297,0.320000,1.000000,0.000000,0.000000
301986,14454,172,2023-07-24 19:29:38.000,2023-07-24 20:25:05.000,297,0.320000,0.000000,0.000000,55.445614
301988,14454,172,2023-07-24 20:25:05.000,2023-07-24 20:57:42.000,297,0.320000,6.000000,0.000000,90.000000
301997,14454,172,2023-07-24 20:57:42.000,2023-07-24 21:13:49.000,297,0.320000,0.000000,0.000000,16.106121
302008,14454,172,2023-07-24 21:13:49.000,2023-07-24 21:52:26.000,297,0.320000,73.000000,0.000000,0.000000
302043,14454,172,2023-07-24 22:00:00.000,2023-07-25 02:00:59.000,297,0.320000,546.000000,2.000000,33.116667
302083,14454,172,2023-07-25 02:00:59.000,2023-07-25 05:51:02.000,297,0.320000,566.000000,10.000000,6.283333
302123,14454,172,2023-07-25 06:00:00.000,2023-07-25 09:57:27.000,297,0.320000,600.000000,9.000000,6.400000
302159,14454,172,2023-07-25 09:57:27.000,2023-07-25 13:51:20.000,297,0.320000,575.000000,0.000000,8.333333
302180,14454,172,2023-07-25 14:00:00.000,2023-07-25 15:27:46.000,297,0.320000,209.000000,0.000000,8.316667
302294,14454,172,2023-07-25 22:00:00.000,2023-07-26 02:05:39.000,297,0.320000,614.000000,3.000000,6.200000
302338,14454,172,2023-07-26 02:05:39.000,2023-07-26 05:50:34.000,297,0.320000,580.000000,5.000000,2.900000
302385,14454,172,2023-07-26 06:00:00.000,2023-07-26 09:59:18.000,297,0.320000,541.000000,14.000000,25.850001
302433,14454,172,2023-07-26 09:59:18.000,2023-07-26 13:53:24.000,297,0.320000,586.000000,10.000000,3.150000
302450,14454,172,2023-07-26 14:00:00.000,2023-07-26 15:42:17.000,297,0.320000,225.000000,6.000000,17.116667
302472,14473,172,2023-07-26 15:42:17.000,2023-07-26 17:08:36.000,333,0.400000,10.000000,0.000000,6.800000
302473,14473,172,2023-07-26 17:08:36.000,2023-07-26 17:21:47.000,333,0.400000,0.000000,0.000000,13.169478
302525,14473,172,2023-07-26 17:21:47.000,2023-07-26 21:52:43.000,333,0.400000,557.000000,3.000000,6.333334
302558,14473,172,2023-07-26 22:00:00.000,2023-07-27 01:59:29.000,333,0.400000,489.000000,0.000000,9.000000
302604,14473,172,2023-07-27 01:59:29.000,2023-07-27 05:50:20.000,333,0.400000,488.000000,1.000000,2.150000
302613,14473,172,2023-07-27 06:00:00.000,2023-07-27 06:33:16.000,333,0.400000,39.000000,0.000000,13.833333
302615,14473,172,2023-07-27 06:33:16.000,2023-07-27 06:52:35.000,333,0.400000,0.000000,0.000000,19.311813
302667,14473,172,2023-07-27 06:52:35.000,2023-07-27 11:58:00.000,333,0.400000,610.000000,0.000000,23.683333
302693,14473,172,2023-07-27 11:58:00.000,2023-07-27 13:51:10.000,333,0.400000,201.000000,5.000000,16.366667
302710,14473,172,2023-07-27 14:00:00.000,2023-07-27 15:00:15.000,333,0.400000,111.000000,0.000000,8.416667
302720,14473,172,2023-07-27 15:00:15.000,2023-07-27 15:52:26.000,333,0.400000,63.000000,0.000000,0.000000
302729,14473,172,2023-07-27 15:52:26.000,2023-07-27 16:30:02.000,333,0.400000,0.000000,0.000000,37.591786
302771,14473,172,2023-07-27 16:30:02.000,2023-07-27 19:58:52.000,333,0.400000,457.000000,4.000000,4.466667
302802,14473,172,2023-07-27 19:58:52.000,2023-07-27 21:50:36.000,333,0.400000,233.000000,0.000000,0.000000
302918,14473,172,2023-07-28 06:00:00.000,2023-07-28 09:39:23.000,333,0.400000,440.000000,3.000000,22.916667
303004,14484,172,2023-07-28 14:00:00.000,2023-07-28 17:02:55.000,332,0.380000,65.000000,0.000000,0.000000
303023,14484,172,2023-07-28 17:02:55.000,2023-07-28 19:00:52.000,332,0.380000,139.000000,0.000000,2.066667
303060,14484,172,2023-07-28 19:00:52.000,2023-07-28 21:51:38.000,332,0.380000,346.000000,0.000000,21.533333
303104,14484,172,2023-07-28 22:00:00.000,2023-07-29 02:04:01.000,332,0.380000,583.000000,2.000000,7.250000
303142,14484,172,2023-07-29 02:04:01.000,2023-07-29 05:50:27.000,332,0.380000,538.000000,0.000000,6.083333
303188,14484,172,2023-07-29 06:00:00.000,2023-07-29 11:59:38.000,332,0.380000,810.000000,2.000000,21.266667
303199,14484,172,2023-07-29 11:59:38.000,2023-07-29 13:51:37.000,332,0.380000,246.000000,0.000000,4.066667
303404,14521,172,2023-07-31 14:00:00.000,2023-07-31 17:58:58.000,333,0.400000,276.000000,3.000000,26.133334
303432,14521,172,2023-07-31 17:58:58.000,2023-07-31 20:49:03.000,333,0.400000,327.000000,1.000000,0.000000
303501,14521,172,2023-07-31 22:00:00.000,2023-08-01 01:59:26.000,333,0.400000,520.000000,0.000000,0.000000
303543,14521,172,2023-08-01 01:59:26.000,2023-08-01 05:51:24.000,333,0.400000,514.000000,4.000000,1.000000
303581,14521,172,2023-08-01 06:00:00.000,2023-08-01 08:58:21.000,333,0.400000,385.000000,0.000000,7.666667
303606,14521,172,2023-08-01 08:58:21.000,2023-08-01 10:58:51.000,333,0.400000,146.000000,0.000000,0.000000
303639,14521,172,2023-08-01 10:58:51.000,2023-08-01 13:00:16.000,333,0.400000,258.000000,0.000000,5.100000
303649,14521,172,2023-08-01 13:00:16.000,2023-08-01 13:37:18.000,333,0.400000,75.000000,0.000000,3.750000
303671,14521,172,2023-08-01 13:37:18.000,2023-08-01 14:00:00.000,333,0.400000,0.000000,0.000000,22.700000
303672,14521,172,2023-08-01 14:00:00.000,2023-08-01 14:49:52.000,333,0.400000,0.000000,0.000000,49.853026
303700,14521,172,2023-08-01 14:49:52.000,2023-08-01 17:50:59.000,333,0.400000,391.000000,2.000000,0.000000
303711,14521,172,2023-08-01 17:50:59.000,2023-08-01 18:38:53.000,333,0.400000,104.000000,0.000000,0.000000
303734,14521,172,2023-08-01 18:38:53.000,2023-08-01 20:50:52.000,333,0.400000,230.000000,0.000000,0.000000
303790,14521,172,2023-08-01 22:00:00.000,2023-08-02 01:58:11.000,333,0.400000,517.000000,0.000000,9.200000
303826,14521,172,2023-08-02 01:58:11.000,2023-08-02 05:50:46.000,333,0.400000,514.000000,0.000000,5.366667
303854,14521,172,2023-08-02 06:00:00.000,2023-08-02 07:56:56.000,333,0.400000,237.000000,0.000000,2.283333
304082,14521,172,2023-08-02 22:00:00.000,2023-08-03 01:47:45.000,333,0.400000,431.000000,0.000000,2.183333
304287,14536,172,2023-08-03 14:00:00.000,2023-08-03 18:02:27.000,189,0.350000,564.000000,1.000000,7.099999
304314,14536,172,2023-08-03 18:02:27.000,2023-08-03 20:49:29.000,189,0.350000,477.000000,2.000000,5.050000
304373,14536,172,2023-08-03 22:00:00.000,2023-08-04 01:58:38.000,189,0.350000,669.000000,0.000000,3.983333
304405,14536,172,2023-08-04 01:58:38.000,2023-08-04 05:50:58.000,189,0.350000,666.000000,0.000000,2.866667
304740,14563,172,2023-08-22 06:00:00.000,2023-08-22 09:00:54.000,227,0.350000,359.000000,0.000000,49.066667
304762,14563,172,2023-08-22 09:00:54.000,2023-08-22 10:59:15.000,227,0.350000,318.000000,0.000000,2.783333
304783,14563,172,2023-08-22 10:59:15.000,2023-08-22 12:58:51.000,227,0.350000,321.000000,0.000000,0.000000
304803,14563,172,2023-08-22 12:58:51.000,2023-08-22 13:54:37.000,227,0.350000,150.000000,0.000000,0.000000
304832,14563,172,2023-08-22 14:00:00.000,2023-08-22 17:38:41.000,227,0.350000,531.000000,0.000000,22.733333
304880,14563,172,2023-08-22 17:38:41.000,2023-08-22 21:51:40.000,227,0.350000,179.000000,0.000000,0.000000
304921,14563,172,2023-08-22 22:00:00.000,2023-08-23 01:56:34.000,227,0.350000,610.000000,0.000000,4.766667
304950,14563,172,2023-08-23 01:56:34.000,2023-08-23 05:51:26.000,227,0.350000,608.000000,0.000000,7.933333
305111,14563,172,2023-08-23 14:00:00.000,2023-08-23 18:00:28.000,227,0.350000,644.000000,3.000000,0.000000
305149,14563,172,2023-08-23 18:00:28.000,2023-08-23 21:51:51.000,227,0.350000,628.000000,0.000000,2.000000
305185,14563,172,2023-08-23 22:00:00.000,2023-08-24 01:57:28.000,227,0.350000,630.000000,5.000000,5.683334
305222,14563,172,2023-08-24 01:57:28.000,2023-08-24 05:51:52.000,227,0.350000,619.000000,5.000000,2.250000
305350,14563,172,2023-08-24 06:00:00.000,2023-08-24 13:54:41.000,227,0.350000,420.000000,0.000000,0.000000
305385,14563,172,2023-08-24 14:00:00.000,2023-08-24 17:57:49.000,227,0.350000,562.000000,38.000000,19.200000
305425,14563,172,2023-08-24 17:57:49.000,2023-08-24 21:19:16.000,227,0.350000,0.000000,0.000000,201.443910
305443,14563,172,2023-08-24 21:19:16.000,2023-08-24 21:52:28.000,227,0.350000,82.000000,0.000000,1.000000
305474,14563,172,2023-08-24 22:00:00.000,2023-08-25 01:57:45.000,227,0.350000,636.000000,0.000000,0.000000
305493,14563,172,2023-08-25 01:57:45.000,2023-08-25 03:56:42.000,227,0.350000,310.000000,13.000000,0.000000
305509,14563,172,2023-08-25 03:56:42.000,2023-08-25 05:50:46.000,227,0.350000,303.000000,0.000000,2.633333
305613,14563,172,2023-08-25 06:00:00.000,2023-08-25 13:53:23.000,227,0.350000,459.000000,0.000000,0.000000
305664,14563,172,2023-08-25 14:00:00.000,2023-08-25 18:02:28.000,227,0.350000,604.000000,2.000000,1.266667
305694,14563,172,2023-08-25 18:02:28.000,2023-08-25 20:46:20.000,227,0.350000,431.000000,0.000000,0.000000
305717,14578,172,2023-08-25 20:46:20.000,2023-08-25 21:50:48.000,302,0.180000,23.000000,0.000000,2.816667
305747,14578,172,2023-08-25 22:00:00.000,2023-08-26 01:57:40.000,302,0.180000,1208.000000,0.000000,0.000000
305770,14578,172,2023-08-26 01:57:40.000,2023-08-26 04:33:02.000,302,0.180000,772.000000,0.000000,2.383333
305771,14578,172,2023-08-26 04:33:02.000,2023-08-26 04:40:17.000,302,0.180000,0.000000,0.000000,0.000000
305789,14578,172,2023-08-26 04:40:17.000,2023-08-26 06:00:00.000,302,0.180000,0.000000,0.000000,79.716667
305983,14610,172,2023-08-28 14:00:00.000,2023-08-28 14:21:02.000,302,0.180000,0.000000,0.000000,0.000000
305989,14610,172,2023-08-28 14:21:02.000,2023-08-28 15:54:59.000,302,0.180000,0.000000,0.000000,93.945771
306006,14610,172,2023-08-28 15:54:59.000,2023-08-28 17:57:58.000,302,0.180000,361.000000,0.000000,52.600000
306022,14610,172,2023-08-28 17:57:58.000,2023-08-28 19:34:09.000,302,0.180000,280.000000,0.000000,23.366667
306024,14610,172,2023-08-28 19:34:09.000,2023-08-28 19:44:48.000,302,0.180000,0.000000,0.000000,10.647042
306040,14610,172,2023-08-28 19:44:48.000,2023-08-28 21:47:53.000,302,0.180000,450.000000,4.000000,9.850000
306060,14610,172,2023-08-28 21:47:53.000,2023-08-28 22:00:00.000,302,0.180000,0.000000,0.000000,12.116667
306061,14610,172,2023-08-28 22:00:00.000,2023-08-28 23:23:08.000,302,0.180000,0.000000,0.000000,83.133120
306063,14610,172,2023-08-28 23:23:08.000,2023-08-28 23:28:26.000,302,0.180000,10.000000,0.000000,4.333333
306074,14610,172,2023-08-28 23:28:26.000,2023-08-29 00:08:43.000,302,0.180000,0.000000,0.000000,40.275697
306091,14610,172,2023-08-29 00:08:43.000,2023-08-29 01:17:33.000,302,0.180000,180.000000,0.000000,33.133334
306104,14610,172,2023-08-29 01:17:33.000,2023-08-29 02:16:40.000,302,0.180000,0.000000,0.000000,59.104594
306149,14610,172,2023-08-29 02:16:40.000,2023-08-29 05:53:32.000,302,0.180000,168.000000,0.000000,4.200000
306298,14610,172,2023-08-29 14:00:00.000,2023-08-29 18:00:33.000,302,0.180000,1100.000000,2.000000,26.433333
306316,14610,172,2023-08-29 18:00:33.000,2023-08-29 20:14:05.000,302,0.180000,486.000000,0.000000,24.033333
306317,14610,172,2023-08-29 20:14:05.000,2023-08-29 20:19:42.000,302,0.180000,0.000000,0.000000,0.000000
306318,14610,172,2023-08-29 20:19:42.000,2023-08-29 20:33:13.000,302,0.180000,0.000000,0.000000,13.516461
306326,14610,172,2023-08-29 20:33:13.000,2023-08-29 21:47:37.000,302,0.180000,308.000000,0.000000,0.000000
306460,14610,172,2023-08-30 06:00:00.000,2023-08-30 10:21:13.000,302,0.180000,762.000000,3.000000,6.283333
306500,14610,172,2023-08-30 10:21:13.000,2023-08-30 13:49:59.000,302,0.180000,760.000000,0.000000,5.550000
306531,14610,172,2023-08-30 14:00:00.000,2023-08-30 17:00:33.000,302,0.180000,680.000000,0.000000,16.116666
307533,14650,172,2023-09-04 14:00:00.000,2023-09-04 21:50:45.000,302,0.180000,1844.000000,0.000000,35.133334
291163,13967,321,2023-06-01 01:58:05.000,2023-06-01 02:44:00.000,382,0.390000,79.000000,0.000000,3.733333
291166,13967,321,2023-06-01 02:44:00.000,2023-06-01 02:55:24.000,382,0.390000,0.000000,0.000000,11.396248
291175,13967,321,2023-06-01 02:55:24.000,2023-06-01 03:53:19.000,382,0.390000,129.000000,7.000000,4.000000
291195,13967,321,2023-06-01 03:53:19.000,2023-06-01 05:10:09.000,382,0.390000,153.000000,0.000000,9.566667
291196,13967,321,2023-06-01 05:10:09.000,2023-06-01 05:28:25.000,382,0.390000,0.000000,0.000000,18.259621
291198,13967,321,2023-06-01 05:28:25.000,2023-06-01 05:46:42.000,382,0.390000,58.000000,5.000000,0.000000
291260,14019,321,2023-06-06 06:00:00.000,2023-06-06 10:02:07.000,382,0.390000,465.000000,8.000000,15.100000
291304,14019,321,2023-06-06 10:02:07.000,2023-06-06 13:51:01.000,382,0.390000,543.000000,10.000000,8.033333
291324,14019,321,2023-06-06 14:00:00.000,2023-06-06 15:56:03.000,382,0.390000,255.000000,17.000000,3.633333
291340,14019,321,2023-06-06 15:56:03.000,2023-06-06 17:53:29.000,382,0.390000,274.000000,3.000000,4.000000
291357,14019,321,2023-06-06 17:53:29.000,2023-06-06 19:56:26.000,382,0.390000,298.000000,3.000000,2.000000
291374,14019,321,2023-06-06 19:56:26.000,2023-06-06 21:51:49.000,382,0.390000,272.000000,0.000000,2.166667
291383,14019,321,2023-06-06 22:00:00.000,2023-06-06 22:32:37.000,382,0.390000,58.000000,0.000000,7.333333
291384,14019,321,2023-06-06 22:32:37.000,2023-06-06 22:45:32.000,382,0.390000,0.000000,0.000000,12.909344
291404,14019,321,2023-06-06 22:45:32.000,2023-06-07 00:23:10.000,382,0.390000,0.000000,0.000000,97.617822
291412,14019,321,2023-06-07 00:23:10.000,2023-06-07 01:00:53.000,382,0.390000,87.000000,1.000000,0.000000
291437,14019,321,2023-06-07 01:00:53.000,2023-06-07 03:00:50.000,382,0.390000,279.000000,2.000000,2.050000
291449,14019,321,2023-06-07 03:00:50.000,2023-06-07 04:01:07.000,382,0.390000,137.000000,1.000000,2.316667
291461,14019,321,2023-06-07 04:01:07.000,2023-06-07 05:00:30.000,382,0.390000,129.000000,2.000000,2.050000
291476,14019,321,2023-06-07 05:00:30.000,2023-06-07 05:52:18.000,382,0.390000,120.000000,0.000000,0.000000
291524,14019,321,2023-06-07 06:00:00.000,2023-06-07 10:00:26.000,382,0.390000,557.000000,5.000000,2.566667
291574,14019,321,2023-06-07 10:00:26.000,2023-06-07 13:48:05.000,382,0.390000,538.000000,0.000000,5.683333
291610,14019,321,2023-06-07 14:00:00.000,2023-06-07 18:02:58.000,382,0.390000,566.000000,11.000000,7.250000
291644,14019,321,2023-06-07 18:02:58.000,2023-06-07 21:51:16.000,382,0.390000,519.000000,5.000000,2.033333
291654,14019,321,2023-06-07 22:00:00.000,2023-06-07 22:59:55.000,382,0.390000,128.000000,1.000000,4.933333
291671,14019,321,2023-06-07 22:59:55.000,2023-06-08 00:03:51.000,382,0.390000,155.000000,0.000000,0.000000
291696,14019,321,2023-06-08 00:03:51.000,2023-06-08 01:59:17.000,382,0.390000,256.000000,2.000000,4.550000
291708,14019,321,2023-06-08 01:59:17.000,2023-06-08 03:01:12.000,382,0.390000,144.000000,0.000000,0.000000
291731,14019,321,2023-06-08 03:01:12.000,2023-06-08 04:03:08.000,382,0.390000,147.000000,0.000000,0.000000
291739,14019,321,2023-06-08 04:03:08.000,2023-06-08 05:01:22.000,382,0.390000,135.000000,0.000000,0.000000
291757,14019,321,2023-06-08 05:01:22.000,2023-06-08 05:54:48.000,382,0.390000,120.000000,0.000000,0.000000
291780,14019,321,2023-06-08 05:54:48.000,2023-06-08 06:00:00.000,382,0.390000,0.000000,0.000000,5.200000
291781,14019,321,2023-06-08 06:00:00.000,2023-06-08 07:49:58.000,382,0.390000,0.000000,0.000000,109.957016
291799,14019,321,2023-06-08 07:49:58.000,2023-06-08 09:06:29.000,382,0.390000,158.000000,0.000000,0.000000
291809,14019,321,2023-06-08 09:06:29.000,2023-06-08 10:04:10.000,382,0.390000,80.000000,0.000000,0.000000
291813,14019,321,2023-06-08 10:04:10.000,2023-06-08 10:18:35.000,382,0.390000,0.000000,0.000000,14.414622
291855,14019,321,2023-06-08 10:18:35.000,2023-06-08 13:40:51.000,382,0.390000,498.000000,9.000000,0.000000
291887,14019,321,2023-06-08 14:00:00.000,2023-06-08 16:46:05.000,382,0.390000,0.000000,0.000000,0.000000
291927,14019,321,2023-06-08 16:46:05.000,2023-06-08 21:35:09.000,382,0.390000,0.000000,0.000000,289.063698
291943,14019,321,2023-06-08 22:00:00.000,2023-06-08 22:06:09.000,382,0.390000,0.000000,0.000000,0.000000
291945,14019,321,2023-06-08 22:06:09.000,2023-06-08 22:22:32.000,382,0.390000,0.000000,0.000000,16.380475
291947,14019,321,2023-06-08 22:22:32.000,2023-06-08 22:36:02.000,382,0.390000,0.000000,0.000000,0.000000
291959,14019,321,2023-06-08 22:36:02.000,2023-06-08 23:48:26.000,382,0.390000,0.000000,0.000000,72.386701
291988,14019,321,2023-06-08 23:48:26.000,2023-06-09 02:01:11.000,382,0.390000,335.000000,1.000000,0.000000
291999,14019,321,2023-06-09 02:01:11.000,2023-06-09 02:59:35.000,382,0.390000,137.000000,1.000000,0.000000
292010,14019,321,2023-06-09 02:59:35.000,2023-06-09 03:46:05.000,382,0.390000,103.000000,2.000000,0.000000
292018,14019,321,2023-06-09 03:46:05.000,2023-06-09 04:04:15.000,382,0.390000,0.000000,0.000000,18.165566
292027,14019,321,2023-06-09 04:04:15.000,2023-06-09 05:01:25.000,382,0.390000,127.000000,4.000000,0.000000
292049,14019,321,2023-06-09 05:01:25.000,2023-06-09 05:54:36.000,382,0.390000,118.000000,0.000000,2.083333
292110,14019,321,2023-06-09 06:00:00.000,2023-06-09 10:48:46.000,382,0.390000,672.000000,0.000000,9.016666
292164,14019,321,2023-06-09 10:48:46.000,2023-06-09 13:53:05.000,382,0.390000,430.000000,4.000000,0.000000
292192,14019,321,2023-06-09 14:00:00.000,2023-06-09 17:44:14.000,382,0.390000,547.000000,5.000000,0.000000
292193,14019,321,2023-06-09 17:44:14.000,2023-06-09 17:50:49.000,382,0.390000,0.000000,0.000000,6.571256
292227,14019,321,2023-06-09 17:50:49.000,2023-06-09 21:51:20.000,382,0.390000,582.000000,3.000000,0.000000
292251,14019,321,2023-06-09 22:00:00.000,2023-06-09 23:59:58.000,382,0.390000,67.000000,2.000000,15.000000
292265,14019,321,2023-06-09 23:59:58.000,2023-06-10 01:00:45.000,382,0.390000,149.000000,0.000000,0.000000
292281,14019,321,2023-06-10 01:00:45.000,2023-06-10 02:02:07.000,382,0.390000,142.000000,0.000000,0.000000
292296,14019,321,2023-06-10 02:02:07.000,2023-06-10 03:02:32.000,382,0.390000,146.000000,3.000000,0.000000
292309,14019,321,2023-06-10 03:02:32.000,2023-06-10 04:01:17.000,382,0.390000,132.000000,0.000000,3.833333
292323,14019,321,2023-06-10 04:01:17.000,2023-06-10 05:00:36.000,382,0.390000,146.000000,1.000000,0.000000
292337,14019,321,2023-06-10 05:00:36.000,2023-06-10 05:52:23.000,382,0.390000,117.000000,0.000000,2.050000
292383,14019,321,2023-06-10 06:00:00.000,2023-06-10 09:54:34.000,382,0.390000,561.000000,3.000000,4.350000
292427,14019,321,2023-06-10 09:54:34.000,2023-06-10 13:49:34.000,382,0.390000,556.000000,0.000000,0.000000
292443,14019,321,2023-06-10 14:00:00.000,2023-06-10 15:00:07.000,382,0.390000,132.000000,2.000000,5.083333
292449,14019,321,2023-06-10 15:00:07.000,2023-06-10 17:00:08.000,382,0.390000,267.000000,0.000000,5.050000
292453,14019,321,2023-06-10 17:00:08.000,2023-06-10 17:58:49.000,382,0.390000,137.000000,1.000000,0.000000
292473,14019,321,2023-06-10 17:58:49.000,2023-06-10 21:02:05.000,382,0.390000,429.000000,0.000000,4.633333
292480,14019,321,2023-06-10 21:02:05.000,2023-06-10 21:52:10.000,382,0.390000,117.000000,0.000000,0.000000
292489,14061,321,2023-06-11 22:00:00.000,2023-06-12 01:59:59.000,382,0.390000,524.000000,0.000000,7.133333
292494,14061,321,2023-06-12 01:59:59.000,2023-06-12 05:49:41.000,382,0.390000,545.000000,0.000000,6.700000
292531,14061,321,2023-06-12 06:00:00.000,2023-06-12 11:01:45.000,382,0.390000,660.000000,0.000000,0.000000
292562,14061,321,2023-06-12 11:01:45.000,2023-06-12 13:52:11.000,382,0.390000,480.000000,0.000000,0.000000
292579,14061,321,2023-06-12 14:00:00.000,2023-06-12 15:59:12.000,382,0.390000,272.000000,2.000000,5.033333
292589,14061,321,2023-06-12 15:59:12.000,2023-06-12 16:58:57.000,382,0.390000,134.000000,2.000000,0.000000
292599,14061,321,2023-06-12 16:58:57.000,2023-06-12 17:58:24.000,382,0.390000,146.000000,0.000000,0.000000
292612,14061,321,2023-06-12 17:58:24.000,2023-06-12 18:59:49.000,382,0.390000,146.000000,1.000000,0.000000
292623,14061,321,2023-06-12 18:59:49.000,2023-06-12 20:00:15.000,382,0.390000,146.000000,0.000000,0.000000
292637,14061,321,2023-06-12 20:00:15.000,2023-06-12 20:59:58.000,382,0.390000,146.000000,1.000000,0.000000
292654,14061,321,2023-06-12 20:59:58.000,2023-06-12 21:52:47.000,382,0.390000,121.000000,3.000000,0.000000
292711,14061,321,2023-06-12 22:00:00.000,2023-06-13 01:58:26.000,382,0.390000,564.000000,1.000000,2.850000
292733,14061,321,2023-06-13 01:58:26.000,2023-06-13 03:39:49.000,382,0.390000,225.000000,0.000000,0.000000
292743,14061,321,2023-06-13 03:39:49.000,2023-06-13 04:16:38.000,382,0.390000,0.000000,0.000000,36.804299
292763,14061,321,2023-06-13 04:16:38.000,2023-06-13 05:51:31.000,382,0.390000,231.000000,0.000000,0.000000
292796,14061,321,2023-06-13 06:00:00.000,2023-06-13 08:57:23.000,382,0.390000,412.000000,0.000000,3.883333
292802,14061,321,2023-06-13 08:57:23.000,2023-06-13 09:12:40.000,382,0.390000,0.000000,0.000000,15.273588
292810,14061,321,2023-06-13 09:12:40.000,2023-06-13 09:58:58.000,382,0.390000,108.000000,5.000000,0.000000
292850,14061,321,2023-06-13 09:58:58.000,2023-06-13 13:52:26.000,382,0.390000,344.000000,0.000000,0.000000
292878,14061,321,2023-06-13 14:00:00.000,2023-06-13 15:59:02.000,382,0.390000,254.000000,6.000000,9.216666
292889,14061,321,2023-06-13 15:59:02.000,2023-06-13 17:00:17.000,382,0.390000,137.000000,1.000000,2.416667
292893,14061,321,2023-06-13 17:00:17.000,2023-06-13 17:10:23.000,382,0.390000,17.000000,0.000000,0.000000
292909,14061,321,2023-06-13 17:10:23.000,2023-06-13 18:09:07.000,382,0.390000,0.000000,0.000000,58.724632
292917,14061,321,2023-06-13 18:09:07.000,2023-06-13 18:59:05.000,382,0.390000,126.000000,4.000000,0.000000
292930,14061,321,2023-06-13 18:59:05.000,2023-06-13 19:59:16.000,382,0.390000,134.000000,2.000000,2.016667
292945,14061,321,2023-06-13 19:59:16.000,2023-06-13 21:00:19.000,382,0.390000,129.000000,3.000000,0.000000
292962,14061,321,2023-06-13 21:00:19.000,2023-06-13 21:51:17.000,382,0.390000,122.000000,0.000000,0.000000
293018,14061,321,2023-06-13 22:00:00.000,2023-06-14 02:01:35.000,382,0.390000,557.000000,3.000000,7.183333
293069,14061,321,2023-06-14 02:01:35.000,2023-06-14 05:50:37.000,382,0.390000,538.000000,0.000000,3.850000
293115,14061,321,2023-06-14 06:00:00.000,2023-06-14 10:08:33.000,382,0.390000,475.000000,15.000000,35.300000
293137,14061,321,2023-06-14 10:08:33.000,2023-06-14 12:51:40.000,382,0.390000,316.000000,10.000000,21.183333
293143,14061,321,2023-06-14 12:51:40.000,2023-06-14 13:11:52.000,382,0.390000,0.000000,0.000000,20.191371
293154,14061,321,2023-06-14 13:11:52.000,2023-06-14 13:52:07.000,382,0.390000,55.000000,1.000000,16.066667
293180,14061,321,2023-06-14 14:00:00.000,2023-06-14 16:00:21.000,382,0.390000,277.000000,0.000000,5.083333
293220,14061,321,2023-06-14 16:00:21.000,2023-06-14 18:59:23.000,382,0.390000,409.000000,0.000000,5.533333
293268,14061,321,2023-06-14 18:59:23.000,2023-06-14 21:52:21.000,382,0.390000,371.000000,5.000000,2.616667
293313,14061,321,2023-06-14 22:00:00.000,2023-06-15 01:56:26.000,382,0.390000,515.000000,0.000000,8.266667
293372,14061,321,2023-06-15 01:56:26.000,2023-06-15 05:51:42.000,382,0.390000,534.000000,4.000000,5.316667
293400,14061,321,2023-06-15 06:00:00.000,2023-06-15 08:33:44.000,382,0.390000,298.000000,0.000000,21.016667
293410,14061,321,2023-06-15 08:33:44.000,2023-06-15 09:56:50.000,382,0.390000,0.000000,14.000000,83.088389
293419,14061,321,2023-06-15 09:56:50.000,2023-06-15 10:01:52.000,382,0.390000,0.000000,0.000000,0.000000
293443,14061,321,2023-06-15 10:01:52.000,2023-06-15 12:31:28.000,382,0.390000,303.000000,0.000000,4.750000
293445,14061,321,2023-06-15 12:31:28.000,2023-06-15 12:50:57.000,382,0.390000,0.000000,0.000000,19.468463
293460,14061,321,2023-06-15 12:50:57.000,2023-06-15 13:53:14.000,382,0.390000,137.000000,0.000000,2.016667
293490,14061,321,2023-06-15 14:00:00.000,2023-06-15 15:57:56.000,382,0.390000,217.000000,0.000000,22.266666
293514,14061,321,2023-06-15 15:57:56.000,2023-06-15 17:30:02.000,382,0.390000,0.000000,0.000000,92.093353
293548,14061,321,2023-06-15 17:30:02.000,2023-06-15 20:01:09.000,382,0.390000,297.000000,22.000000,12.000000
293560,14061,321,2023-06-15 20:01:09.000,2023-06-15 21:03:22.000,382,0.390000,126.000000,5.000000,4.350000
293583,14061,321,2023-06-15 21:03:22.000,2023-06-15 21:53:08.000,382,0.390000,84.000000,4.000000,4.733333
293629,14061,321,2023-06-15 22:00:00.000,2023-06-16 01:57:55.000,382,0.390000,505.000000,15.000000,13.600000
293689,14061,321,2023-06-16 01:57:55.000,2023-06-16 05:54:39.000,382,0.390000,509.000000,19.000000,12.800000
293715,14061,321,2023-06-16 06:00:00.000,2023-06-16 09:57:01.000,382,0.390000,526.000000,13.000000,5.316667
293763,14061,321,2023-06-16 09:57:01.000,2023-06-16 13:54:34.000,382,0.390000,564.000000,5.000000,0.000000
293788,14061,321,2023-06-16 14:00:00.000,2023-06-16 15:59:40.000,382,0.390000,199.000000,8.000000,19.100000
293800,14061,321,2023-06-16 15:59:40.000,2023-06-16 16:58:16.000,382,0.390000,124.000000,8.000000,2.716667
293818,14061,321,2023-06-16 16:58:16.000,2023-06-16 18:00:39.000,382,0.390000,153.000000,0.000000,0.000000
293834,14061,321,2023-06-16 18:00:39.000,2023-06-16 19:00:13.000,382,0.390000,140.000000,1.000000,1.816667
293862,14061,321,2023-06-16 19:00:13.000,2023-06-16 21:05:16.000,382,0.390000,301.000000,0.000000,0.000000
293874,14061,321,2023-06-16 21:05:16.000,2023-06-16 21:53:05.000,382,0.390000,190.000000,0.000000,0.000000
293919,14061,321,2023-06-16 22:00:00.000,2023-06-17 01:58:53.000,382,0.390000,566.000000,3.000000,0.000000
293937,14061,321,2023-06-17 01:58:53.000,2023-06-17 03:31:08.000,382,0.390000,211.000000,3.000000,0.000000
293972,14061,321,2023-06-17 03:31:08.000,2023-06-17 05:52:45.000,382,0.390000,0.000000,0.000000,141.616102
293997,14061,321,2023-06-17 06:00:00.000,2023-06-17 09:59:38.000,382,0.390000,506.000000,10.000000,4.000000
294018,14061,321,2023-06-17 09:59:38.000,2023-06-17 13:50:35.000,382,0.390000,495.000000,30.000000,11.266667
294031,14061,321,2023-06-17 14:00:00.000,2023-06-17 15:05:09.000,382,0.390000,132.000000,3.000000,3.733333
294037,14061,321,2023-06-17 15:05:09.000,2023-06-17 16:01:44.000,382,0.390000,130.000000,3.000000,0.000000
294055,14061,321,2023-06-17 16:01:44.000,2023-06-17 18:03:01.000,382,0.390000,286.000000,3.000000,0.000000
294063,14061,321,2023-06-17 18:03:01.000,2023-06-17 19:05:29.000,382,0.390000,146.000000,1.000000,0.000000
294070,14061,321,2023-06-17 19:05:29.000,2023-06-17 20:03:41.000,382,0.390000,130.000000,1.000000,2.550000
294090,14061,321,2023-06-17 20:03:41.000,2023-06-17 21:51:41.000,382,0.390000,258.000000,0.000000,0.000000
294177,14124,321,2023-06-19 06:00:00.000,2023-06-19 13:01:36.000,382,0.390000,930.000000,10.000000,21.383334
294196,14124,321,2023-06-19 13:01:36.000,2023-06-19 13:52:22.000,382,0.390000,121.000000,0.000000,0.000000
294234,14124,321,2023-06-19 14:00:00.000,2023-06-19 17:43:51.000,382,0.390000,550.000000,2.000000,0.000000
294242,14124,321,2023-06-19 17:43:51.000,2023-06-19 18:17:57.000,382,0.390000,0.000000,0.000000,34.087141
294283,14124,321,2023-06-19 18:17:57.000,2023-06-19 21:51:43.000,382,0.390000,467.000000,4.000000,21.016667
294325,14124,321,2023-06-19 22:00:00.000,2023-06-20 02:37:26.000,382,0.390000,631.000000,7.000000,12.133333
294350,14124,321,2023-06-20 02:37:26.000,2023-06-20 05:07:11.000,382,0.390000,325.000000,0.000000,18.283333
294598,14124,321,2023-06-20 22:00:00.000,2023-06-21 01:59:21.000,382,0.390000,177.000000,7.000000,0.000000
294628,14124,321,2023-06-21 01:59:21.000,2023-06-21 05:50:22.000,382,0.390000,485.000000,0.000000,0.000000
294649,14124,321,2023-06-21 06:00:00.000,2023-06-21 06:59:24.000,382,0.390000,122.000000,1.000000,8.366667
294669,14124,321,2023-06-21 06:59:24.000,2023-06-21 08:01:12.000,382,0.390000,149.000000,1.000000,0.000000
294682,14124,321,2023-06-21 08:01:12.000,2023-06-21 08:59:08.000,382,0.390000,137.000000,1.000000,2.316667
294694,14124,321,2023-06-21 08:59:08.000,2023-06-21 09:58:25.000,382,0.390000,133.000000,2.000000,2.583333
294713,14124,321,2023-06-21 09:58:25.000,2023-06-21 11:00:21.000,382,0.390000,149.000000,0.000000,0.000000
294725,14124,321,2023-06-21 11:00:21.000,2023-06-21 11:58:19.000,382,0.390000,131.000000,2.000000,0.000000
294743,14124,321,2023-06-21 11:58:19.000,2023-06-21 12:58:39.000,382,0.390000,140.000000,0.000000,0.000000
294764,14124,321,2023-06-21 12:58:39.000,2023-06-21 13:51:17.000,382,0.390000,120.000000,0.000000,0.000000
294812,14124,321,2023-06-21 14:00:00.000,2023-06-21 17:57:44.000,382,0.390000,574.000000,6.000000,2.700000
294863,14124,321,2023-06-21 17:57:44.000,2023-06-21 21:50:20.000,382,0.390000,543.000000,2.000000,2.100000
294900,14124,321,2023-06-21 22:00:00.000,2023-06-22 01:56:36.000,382,0.390000,557.000000,9.000000,4.366667
294942,14124,321,2023-06-22 01:56:36.000,2023-06-22 05:51:48.000,382,0.390000,550.000000,15.000000,2.333333
294956,14124,321,2023-06-22 06:00:00.000,2023-06-22 07:01:03.000,382,0.390000,126.000000,2.000000,6.766667
294973,14124,321,2023-06-22 07:01:03.000,2023-06-22 07:59:59.000,382,0.390000,143.000000,3.000000,0.000000
294993,14124,321,2023-06-22 07:59:59.000,2023-06-22 09:04:48.000,382,0.390000,145.000000,2.000000,2.233333
294998,14124,321,2023-06-22 09:04:48.000,2023-06-22 09:58:19.000,382,0.390000,118.000000,4.000000,0.000000
295017,14124,321,2023-06-22 09:58:19.000,2023-06-22 11:03:35.000,382,0.390000,150.000000,2.000000,2.400000
295027,14124,321,2023-06-22 11:03:35.000,2023-06-22 11:19:46.000,382,0.390000,35.000000,0.000000,0.000000
295030,14124,321,2023-06-22 11:19:46.000,2023-06-22 11:35:01.000,382,0.390000,0.000000,0.000000,15.238633
295041,14124,321,2023-06-22 11:35:01.000,2023-06-22 12:01:12.000,382,0.390000,65.000000,0.000000,0.000000
295052,14124,321,2023-06-22 12:01:12.000,2023-06-22 12:45:37.000,382,0.390000,108.000000,0.000000,0.000000
295104,14124,321,2023-06-22 14:00:00.000,2023-06-22 18:01:53.000,382,0.390000,554.000000,8.000000,0.000000
295151,14124,321,2023-06-22 18:01:53.000,2023-06-22 21:53:11.000,382,0.390000,538.000000,2.000000,0.000000
295187,14124,321,2023-06-22 22:00:00.000,2023-06-23 01:58:34.000,382,0.390000,571.000000,3.000000,4.000000
295227,14124,321,2023-06-23 01:58:34.000,2023-06-23 05:54:02.000,382,0.390000,585.000000,0.000000,4.000000
295243,14124,321,2023-06-23 06:00:00.000,2023-06-23 07:02:36.000,382,0.390000,124.000000,0.000000,0.000000
295259,14124,321,2023-06-23 07:02:36.000,2023-06-23 08:01:14.000,382,0.390000,132.000000,0.000000,0.000000
295270,14124,321,2023-06-23 08:01:14.000,2023-06-23 09:00:36.000,382,0.390000,142.000000,0.000000,0.000000
295279,14124,321,2023-06-23 09:00:36.000,2023-06-23 09:59:09.000,382,0.390000,130.000000,1.000000,0.000000
295289,14124,321,2023-06-23 09:59:09.000,2023-06-23 11:00:13.000,382,0.390000,124.000000,0.000000,27.500000
295303,14124,321,2023-06-23 11:00:13.000,2023-06-23 12:00:42.000,382,0.390000,148.000000,0.000000,0.000000
295321,14124,321,2023-06-23 12:00:42.000,2023-06-23 12:59:29.000,382,0.390000,135.000000,1.000000,4.000000
295335,14124,321,2023-06-23 12:59:29.000,2023-06-23 13:51:11.000,382,0.390000,121.000000,0.000000,0.000000
295377,14124,321,2023-06-23 14:00:00.000,2023-06-23 17:57:29.000,382,0.390000,529.000000,21.000000,7.466667
295429,14124,321,2023-06-23 17:57:29.000,2023-06-23 21:53:32.000,382,0.390000,555.000000,3.000000,3.833333
295464,14124,321,2023-06-23 22:00:00.000,2023-06-24 01:58:46.000,382,0.390000,575.000000,3.000000,0.000000
295493,14124,321,2023-06-24 01:58:46.000,2023-06-24 05:50:53.000,382,0.390000,560.000000,2.000000,0.000000
295509,14124,321,2023-06-24 06:00:00.000,2023-06-24 06:59:18.000,382,0.390000,114.000000,1.000000,12.416667
295525,14124,321,2023-06-24 06:59:18.000,2023-06-24 08:07:05.000,382,0.390000,158.000000,4.000000,2.200000
295532,14124,321,2023-06-24 08:07:05.000,2023-06-24 08:46:03.000,382,0.390000,85.000000,0.000000,0.000000
295628,14124,321,2023-06-24 14:00:00.000,2023-06-24 21:44:20.000,382,0.390000,391.000000,0.000000,0.000000
295682,14214,321,2023-06-26 06:00:00.000,2023-06-26 10:00:21.000,382,0.390000,508.000000,3.000000,27.350000
295735,14214,321,2023-06-26 10:00:21.000,2023-06-26 13:51:55.000,382,0.390000,547.000000,3.000000,20.266667
295772,14214,321,2023-06-26 14:00:00.000,2023-06-26 17:57:26.000,382,0.390000,564.000000,4.000000,4.000000
295805,14214,321,2023-06-26 17:57:26.000,2023-06-26 21:23:50.000,382,0.390000,461.000000,2.000000,2.650000
295843,14214,321,2023-06-26 22:00:00.000,2023-06-26 23:59:54.000,382,0.390000,282.000000,9.000000,1.466667
295855,14214,321,2023-06-26 23:59:54.000,2023-06-27 00:59:26.000,382,0.390000,139.000000,6.000000,0.000000
295867,14214,321,2023-06-27 00:59:26.000,2023-06-27 01:59:08.000,382,0.390000,130.000000,4.000000,0.000000
295888,14214,321,2023-06-27 01:59:08.000,2023-06-27 03:00:59.000,382,0.390000,150.000000,0.000000,0.000000
295902,14214,321,2023-06-27 03:00:59.000,2023-06-27 04:02:02.000,382,0.390000,146.000000,3.000000,0.000000
295915,14214,321,2023-06-27 04:02:02.000,2023-06-27 05:03:57.000,382,0.390000,147.000000,1.000000,0.000000
295925,14214,321,2023-06-27 05:03:57.000,2023-06-27 05:53:48.000,382,0.390000,117.000000,0.000000,0.000000
295979,14214,321,2023-06-27 06:00:00.000,2023-06-27 09:58:08.000,382,0.390000,559.000000,3.000000,2.316667
296059,14214,321,2023-06-27 09:58:08.000,2023-06-27 13:51:40.000,382,0.390000,552.000000,0.000000,3.833333
296098,14214,321,2023-06-27 14:00:00.000,2023-06-27 17:56:21.000,382,0.390000,569.000000,3.000000,1.800000
296137,14214,321,2023-06-27 17:56:21.000,2023-06-27 21:51:24.000,382,0.390000,559.000000,3.000000,4.583333
296168,14214,321,2023-06-27 22:00:00.000,2023-06-27 23:59:45.000,382,0.390000,280.000000,1.000000,6.083333
296185,14214,321,2023-06-27 23:59:45.000,2023-06-28 01:02:50.000,382,0.390000,149.000000,1.000000,0.000000
296192,14214,321,2023-06-28 01:02:50.000,2023-06-28 01:59:27.000,382,0.390000,137.000000,0.000000,0.000000
296229,14214,321,2023-06-28 01:59:27.000,2023-06-28 04:59:40.000,382,0.390000,441.000000,0.000000,0.000000
296245,14214,321,2023-06-28 04:59:40.000,2023-06-28 05:52:19.000,382,0.390000,126.000000,0.000000,0.000000
296304,14214,321,2023-06-28 06:00:00.000,2023-06-28 09:59:58.000,382,0.390000,552.000000,6.000000,3.400000
296332,14214,321,2023-06-28 09:59:58.000,2023-06-28 11:35:19.000,382,0.390000,227.000000,0.000000,0.000000
296346,14214,321,2023-06-28 11:35:19.000,2023-06-28 12:18:36.000,382,0.390000,0.000000,0.000000,43.268566
296370,14214,321,2023-06-28 12:18:36.000,2023-06-28 13:51:38.000,382,0.390000,203.000000,3.000000,0.000000
296412,14214,321,2023-06-28 14:00:00.000,2023-06-28 18:02:29.000,382,0.390000,551.000000,6.000000,8.016667
296445,14214,321,2023-06-28 18:02:29.000,2023-06-28 21:50:58.000,382,0.390000,510.000000,16.000000,8.916667
296462,14214,321,2023-06-28 22:00:00.000,2023-06-28 22:58:44.000,382,0.390000,130.000000,3.000000,5.066667
296480,14214,321,2023-06-28 22:58:44.000,2023-06-29 00:00:37.000,382,0.390000,134.000000,4.000000,2.233333
296495,14214,321,2023-06-29 00:00:37.000,2023-06-29 01:01:56.000,382,0.390000,137.000000,2.000000,0.000000
296503,14214,321,2023-06-29 01:01:56.000,2023-06-29 01:59:38.000,382,0.390000,142.000000,0.000000,0.000000
296523,14214,321,2023-06-29 01:59:38.000,2023-06-29 02:59:28.000,382,0.390000,131.000000,3.000000,2.266667
296537,14214,321,2023-06-29 02:59:28.000,2023-06-29 04:01:21.000,382,0.390000,115.000000,4.000000,0.000000
296550,14214,321,2023-06-29 04:01:21.000,2023-06-29 05:02:05.000,382,0.390000,137.000000,5.000000,0.000000
296563,14214,321,2023-06-29 05:02:05.000,2023-06-29 05:50:29.000,382,0.390000,105.000000,6.000000,0.000000
296580,14214,321,2023-06-29 06:00:00.000,2023-06-29 06:28:51.000,382,0.390000,54.000000,1.000000,4.883333
296603,14214,321,2023-06-29 06:28:51.000,2023-06-29 08:02:22.000,382,0.390000,0.000000,0.000000,93.514049
296687,14214,321,2023-06-29 08:02:22.000,2023-06-29 13:49:32.000,382,0.390000,799.000000,0.000000,5.016666
296746,14214,321,2023-06-29 14:00:00.000,2023-06-29 18:00:22.000,382,0.390000,500.000000,14.000000,3.150000
296760,14214,321,2023-06-29 18:00:22.000,2023-06-29 19:11:31.000,382,0.390000,148.000000,0.000000,3.233333
296773,14214,321,2023-06-29 19:11:31.000,2023-06-29 20:25:23.000,382,0.390000,0.000000,0.000000,73.864002
296791,14214,321,2023-06-29 20:25:23.000,2023-06-29 21:53:01.000,382,0.390000,159.000000,13.000000,2.466667
296801,14214,321,2023-06-29 22:00:00.000,2023-06-29 22:58:26.000,382,0.390000,124.000000,0.000000,4.833333
296864,14214,321,2023-06-29 22:58:26.000,2023-06-30 04:02:32.000,382,0.390000,734.000000,0.000000,0.000000
296876,14214,321,2023-06-30 04:02:32.000,2023-06-30 05:00:36.000,382,0.390000,142.000000,0.000000,0.000000
296892,14214,321,2023-06-30 05:00:36.000,2023-06-30 05:52:02.000,382,0.390000,125.000000,0.000000,0.000000
296943,14214,321,2023-06-30 06:00:00.000,2023-06-30 09:58:19.000,382,0.390000,560.000000,10.000000,4.383333
296998,14214,321,2023-06-30 09:58:19.000,2023-06-30 13:24:32.000,382,0.390000,435.000000,3.000000,6.433333
297253,14214,321,2023-07-01 06:00:00.000,2023-07-01 09:59:17.000,382,0.390000,478.000000,4.000000,0.000000
297292,14214,321,2023-07-01 09:59:17.000,2023-07-01 13:47:23.000,382,0.390000,541.000000,7.000000,5.616667
297304,14214,321,2023-07-01 14:00:00.000,2023-07-01 14:59:13.000,382,0.390000,141.000000,1.000000,1.883333
297316,14214,321,2023-07-01 14:59:13.000,2023-07-01 18:55:30.000,382,0.390000,512.000000,4.000000,38.200000
297374,14282,321,2023-07-03 06:00:00.000,2023-07-03 10:10:20.000,382,0.390000,322.000000,4.000000,0.000000
297413,14282,321,2023-07-03 10:10:20.000,2023-07-03 13:51:24.000,382,0.390000,309.000000,4.000000,4.000000
297430,14282,321,2023-07-03 14:00:00.000,2023-07-03 14:59:51.000,382,0.390000,112.000000,1.000000,14.450000
297443,14282,321,2023-07-03 14:59:51.000,2023-07-03 16:00:41.000,382,0.390000,147.000000,1.000000,0.000000
297453,14282,321,2023-07-03 16:00:41.000,2023-07-03 16:58:30.000,382,0.390000,135.000000,0.000000,0.000000
297462,14282,321,2023-07-03 16:58:30.000,2023-07-03 17:59:28.000,382,0.390000,153.000000,0.000000,0.000000
297481,14282,321,2023-07-03 17:59:28.000,2023-07-03 18:57:15.000,382,0.390000,123.000000,2.000000,0.000000
297512,14282,321,2023-07-03 18:57:15.000,2023-07-03 21:01:28.000,382,0.390000,282.000000,1.000000,2.216667
297537,14282,321,2023-07-03 21:01:28.000,2023-07-03 21:57:19.000,382,0.390000,123.000000,0.000000,0.000000
297586,14282,321,2023-07-03 22:00:00.000,2023-07-04 01:56:40.000,382,0.390000,548.000000,5.000000,0.000000
297632,14282,321,2023-07-04 01:56:40.000,2023-07-04 05:50:31.000,382,0.390000,558.000000,0.000000,1.000000
297691,14282,321,2023-07-04 06:00:00.000,2023-07-04 10:10:17.000,382,0.390000,559.000000,1.000000,16.000000
297731,14282,321,2023-07-04 10:10:17.000,2023-07-04 13:52:13.000,382,0.390000,503.000000,6.000000,6.133333
297750,14282,321,2023-07-04 14:00:00.000,2023-07-04 15:00:58.000,382,0.390000,103.000000,0.000000,16.900000
297758,14282,321,2023-07-04 15:00:58.000,2023-07-04 15:58:29.000,382,0.390000,127.000000,0.000000,0.000000
297774,14282,321,2023-07-04 15:58:29.000,2023-07-04 17:00:14.000,382,0.390000,139.000000,0.000000,0.000000
297786,14282,321,2023-07-04 17:00:14.000,2023-07-04 17:59:24.000,382,0.390000,135.000000,1.000000,2.150000
297804,14282,321,2023-07-04 17:59:24.000,2023-07-04 19:04:56.000,382,0.390000,128.000000,1.000000,5.566667
297818,14282,321,2023-07-04 19:04:56.000,2023-07-04 20:01:43.000,382,0.390000,115.000000,0.000000,3.666666
297828,14282,321,2023-07-04 20:01:43.000,2023-07-04 21:00:48.000,382,0.390000,142.000000,0.000000,0.000000
297848,14282,321,2023-07-04 21:00:48.000,2023-07-04 21:53:25.000,382,0.390000,129.000000,0.000000,0.000000
297906,14282,321,2023-07-04 22:00:00.000,2023-07-05 01:59:22.000,382,0.390000,578.000000,1.000000,3.583333
297950,14282,321,2023-07-05 01:59:22.000,2023-07-05 05:51:49.000,382,0.390000,553.000000,0.000000,0.000000
297996,14282,321,2023-07-05 06:00:00.000,2023-07-05 09:56:13.000,382,0.390000,484.000000,2.000000,33.883333
298048,14282,321,2023-07-05 09:56:13.000,2023-07-05 13:51:30.000,382,0.390000,567.000000,2.000000,2.100000
298061,14282,321,2023-07-05 14:00:00.000,2023-07-05 14:19:40.000,382,0.390000,10.000000,0.000000,14.083333
298063,14282,321,2023-07-05 14:19:40.000,2023-07-05 14:33:23.000,382,0.390000,0.000000,0.000000,13.704780
298083,14282,321,2023-07-05 14:33:23.000,2023-07-05 16:02:15.000,382,0.390000,209.000000,0.000000,0.000000
298092,14282,321,2023-07-05 16:02:15.000,2023-07-05 16:58:37.000,382,0.390000,138.000000,2.000000,0.000000
298133,14282,321,2023-07-05 16:58:37.000,2023-07-05 20:00:21.000,382,0.390000,430.000000,2.000000,2.466667
298144,14282,321,2023-07-05 20:00:21.000,2023-07-05 21:00:20.000,382,0.390000,142.000000,1.000000,0.000000
298161,14282,321,2023-07-05 21:00:20.000,2023-07-05 21:52:09.000,382,0.390000,126.000000,0.000000,0.000000
298215,14282,321,2023-07-05 22:00:00.000,2023-07-06 01:58:50.000,382,0.390000,565.000000,2.000000,2.466667
298281,14282,321,2023-07-06 01:58:50.000,2023-07-06 05:50:55.000,382,0.390000,569.000000,0.000000,0.000000
298301,14282,321,2023-07-06 06:00:00.000,2023-07-06 06:58:26.000,382,0.390000,116.000000,1.000000,0.000000
298360,14282,321,2023-07-06 06:58:26.000,2023-07-06 12:06:33.000,382,0.390000,0.000000,0.000000,308.110845
298386,14282,321,2023-07-06 12:06:33.000,2023-07-06 13:53:20.000,382,0.390000,73.000000,0.000000,0.000000
298402,14282,321,2023-07-06 14:00:00.000,2023-07-06 15:01:42.000,382,0.390000,137.000000,0.000000,6.566667
298413,14282,321,2023-07-06 15:01:42.000,2023-07-06 16:01:00.000,382,0.390000,138.000000,1.000000,2.083333
298423,14282,321,2023-07-06 16:01:00.000,2023-07-06 16:59:40.000,382,0.390000,144.000000,0.000000,0.000000
298432,14282,321,2023-07-06 16:59:40.000,2023-07-06 17:59:43.000,382,0.390000,141.000000,1.000000,2.416667
298444,14282,321,2023-07-06 17:59:43.000,2023-07-06 19:02:43.000,382,0.390000,152.000000,0.000000,0.000000
298452,14282,321,2023-07-06 19:02:43.000,2023-07-06 20:00:58.000,382,0.390000,139.000000,1.000000,0.000000
298481,14282,321,2023-07-06 20:00:58.000,2023-07-06 21:52:35.000,382,0.390000,269.000000,0.000000,0.000000
298522,14282,321,2023-07-06 22:00:00.000,2023-07-07 02:00:43.000,382,0.390000,571.000000,2.000000,0.000000
298573,14282,321,2023-07-07 02:00:43.000,2023-07-07 05:52:04.000,382,0.390000,547.000000,1.000000,2.183333
298628,14282,321,2023-07-07 06:00:00.000,2023-07-07 10:00:43.000,382,0.390000,504.000000,0.000000,25.016667
298676,14282,321,2023-07-07 10:00:43.000,2023-07-07 13:52:38.000,382,0.390000,550.000000,1.000000,4.933333
298702,14282,321,2023-07-07 14:00:00.000,2023-07-07 15:59:43.000,382,0.390000,277.000000,0.000000,4.300000
298708,14282,321,2023-07-07 15:59:43.000,2023-07-07 16:04:25.000,382,0.390000,10.000000,0.000000,0.000000
298727,14282,321,2023-07-07 16:04:25.000,2023-07-07 17:58:19.000,382,0.390000,274.000000,1.000000,0.000000
298737,14282,321,2023-07-07 17:58:19.000,2023-07-07 18:58:36.000,382,0.390000,144.000000,0.000000,0.000000
298750,14282,321,2023-07-07 18:58:36.000,2023-07-07 20:00:20.000,382,0.390000,141.000000,0.000000,4.000000
298756,14282,321,2023-07-07 20:00:20.000,2023-07-07 20:58:57.000,382,0.390000,137.000000,1.000000,0.000000
298777,14282,321,2023-07-07 20:58:57.000,2023-07-07 21:51:46.000,382,0.390000,125.000000,0.000000,0.000000
298823,14282,321,2023-07-07 22:00:00.000,2023-07-08 02:02:14.000,382,0.390000,513.000000,3.000000,2.033333
298857,14282,321,2023-07-08 02:02:14.000,2023-07-08 05:50:22.000,382,0.390000,542.000000,0.000000,0.000000
298874,14282,321,2023-07-08 06:00:00.000,2023-07-08 09:50:33.000,382,0.390000,570.000000,1.000000,12.850000
298898,14282,321,2023-07-08 09:50:33.000,2023-07-08 13:52:02.000,382,0.390000,572.000000,3.000000,0.000000
298916,14282,321,2023-07-08 14:00:00.000,2023-07-08 15:59:12.000,382,0.390000,277.000000,0.000000,1.733333
298925,14282,321,2023-07-08 15:59:12.000,2023-07-08 17:00:59.000,382,0.390000,144.000000,0.000000,0.000000
298930,14282,321,2023-07-08 17:00:59.000,2023-07-08 17:58:43.000,382,0.390000,132.000000,9.000000,0.000000
298936,14282,321,2023-07-08 17:58:43.000,2023-07-08 18:58:50.000,382,0.390000,123.000000,9.000000,2.733333
298943,14282,321,2023-07-08 18:58:50.000,2023-07-08 20:00:02.000,382,0.390000,138.000000,5.000000,0.000000
298953,14282,321,2023-07-08 20:00:02.000,2023-07-08 21:00:28.000,382,0.390000,137.000000,2.000000,0.000000
298965,14282,321,2023-07-08 21:00:28.000,2023-07-08 21:51:46.000,382,0.390000,119.000000,0.000000,0.000000
298980,14327,321,2023-07-10 06:00:00.000,2023-07-10 07:02:25.000,382,0.390000,113.000000,0.000000,15.950000
298989,14327,321,2023-07-10 07:02:25.000,2023-07-10 07:59:39.000,382,0.390000,100.000000,0.000000,12.800000
299001,14327,321,2023-07-10 07:59:39.000,2023-07-10 08:59:22.000,382,0.390000,135.000000,1.000000,2.166667
299015,14327,321,2023-07-10 08:59:22.000,2023-07-10 10:00:01.000,382,0.390000,139.000000,1.000000,2.100000
299044,14327,321,2023-07-10 10:00:01.000,2023-07-10 11:59:39.000,382,0.390000,263.000000,3.000000,2.683333
299061,14327,321,2023-07-10 11:59:39.000,2023-07-10 13:04:25.000,382,0.390000,147.000000,2.000000,2.033333
299072,14327,321,2023-07-10 13:04:25.000,2023-07-10 13:50:55.000,382,0.390000,103.000000,1.000000,0.000000
299126,14327,321,2023-07-10 14:00:00.000,2023-07-10 17:58:19.000,382,0.390000,534.000000,20.000000,1.133333
299167,14327,321,2023-07-10 17:58:19.000,2023-07-10 20:45:18.000,382,0.390000,372.000000,3.000000,0.000000
299172,14327,321,2023-07-10 20:45:18.000,2023-07-10 20:54:57.000,382,0.390000,0.000000,0.000000,9.641945
299203,14327,321,2023-07-10 20:54:57.000,2023-07-10 21:51:27.000,382,0.390000,142.000000,0.000000,0.000000
299234,14327,321,2023-07-10 22:00:00.000,2023-07-11 01:58:00.000,382,0.390000,425.000000,3.000000,9.000000
299271,14327,321,2023-07-11 01:58:00.000,2023-07-11 05:51:16.000,382,0.390000,558.000000,0.000000,4.000000
299290,14327,321,2023-07-11 06:00:00.000,2023-07-11 07:00:05.000,382,0.390000,108.000000,0.000000,12.950000
299305,14327,321,2023-07-11 07:00:05.000,2023-07-11 08:00:50.000,382,0.390000,139.000000,2.000000,0.000000
299319,14327,321,2023-07-11 08:00:50.000,2023-07-11 09:00:02.000,382,0.390000,133.000000,3.000000,0.000000
299324,14327,321,2023-07-11 09:00:02.000,2023-07-11 09:58:48.000,382,0.390000,141.000000,0.000000,0.000000
299349,14327,321,2023-07-11 09:58:48.000,2023-07-11 11:03:57.000,382,0.390000,155.000000,0.000000,0.000000
299360,14327,321,2023-07-11 11:03:57.000,2023-07-11 12:00:06.000,382,0.390000,135.000000,0.000000,0.000000
299372,14327,321,2023-07-11 12:00:06.000,2023-07-11 12:58:28.000,382,0.390000,123.000000,2.000000,4.566667
299396,14327,321,2023-07-11 12:58:28.000,2023-07-11 13:53:42.000,382,0.390000,132.000000,0.000000,0.000000
299445,14327,321,2023-07-11 14:00:00.000,2023-07-11 18:02:48.000,382,0.390000,575.000000,0.000000,2.400000
299472,14327,321,2023-07-11 18:02:48.000,2023-07-11 20:50:18.000,382,0.390000,379.000000,2.000000,0.000000
299529,14327,321,2023-07-11 22:00:00.000,2023-07-12 01:55:08.000,382,0.390000,553.000000,0.000000,4.000000
299568,14327,321,2023-07-12 01:55:08.000,2023-07-12 05:52:22.000,382,0.390000,477.000000,5.000000,4.000000
299636,14327,321,2023-07-12 06:00:00.000,2023-07-12 11:25:34.000,382,0.390000,724.000000,0.000000,18.116667
299638,14327,321,2023-07-12 11:25:34.000,2023-07-12 11:44:28.000,382,0.390000,0.000000,0.000000,18.884752
299669,14327,321,2023-07-12 11:44:28.000,2023-07-12 13:52:50.000,382,0.390000,254.000000,2.000000,4.766666
299720,14327,321,2023-07-12 14:00:00.000,2023-07-12 18:03:48.000,382,0.390000,572.000000,1.000000,4.666667
299768,14327,321,2023-07-12 18:03:48.000,2023-07-12 21:50:47.000,382,0.390000,535.000000,1.000000,0.000000
299809,14327,321,2023-07-12 22:00:00.000,2023-07-13 01:59:15.000,382,0.390000,549.000000,4.000000,6.116667
299851,14327,321,2023-07-13 01:59:15.000,2023-07-13 05:51:30.000,382,0.390000,506.000000,0.000000,14.266667
299949,14327,321,2023-07-13 06:00:00.000,2023-07-13 13:50:24.000,382,0.390000,1047.000000,7.000000,18.266667
300007,14327,321,2023-07-13 14:00:00.000,2023-07-13 18:00:55.000,382,0.390000,554.000000,6.000000,3.633333
300048,14327,321,2023-07-13 18:00:55.000,2023-07-13 21:49:57.000,382,0.390000,542.000000,0.000000,0.000000
300091,14327,321,2023-07-13 22:00:00.000,2023-07-14 01:58:18.000,382,0.390000,527.000000,5.000000,6.400000
300131,14327,321,2023-07-14 01:58:18.000,2023-07-14 05:50:52.000,382,0.390000,540.000000,0.000000,6.000000
300156,14327,321,2023-07-14 06:00:00.000,2023-07-14 06:59:53.000,382,0.390000,120.000000,0.000000,7.400000
300183,14327,321,2023-07-14 06:59:53.000,2023-07-14 09:59:33.000,382,0.390000,424.000000,3.000000,0.000000
300206,14327,321,2023-07-14 09:59:33.000,2023-07-14 12:01:00.000,382,0.390000,279.000000,2.000000,2.216667
300226,14327,321,2023-07-14 12:01:00.000,2023-07-14 13:02:14.000,382,0.390000,111.000000,5.000000,2.483333
300243,14327,321,2023-07-14 13:02:14.000,2023-07-14 13:53:14.000,382,0.390000,111.000000,2.000000,0.000000
300304,14327,321,2023-07-14 14:00:00.000,2023-07-14 17:59:46.000,382,0.390000,518.000000,7.000000,17.033333
300346,14327,321,2023-07-14 17:59:46.000,2023-07-14 21:49:19.000,382,0.390000,541.000000,2.000000,0.000000
300512,14379,321,2023-07-17 14:00:00.000,2023-07-17 14:25:55.000,382,0.390000,0.000000,0.000000,0.000000
300576,14379,321,2023-07-17 14:25:55.000,2023-07-17 20:31:47.000,382,0.390000,0.000000,0.000000,365.854095
301144,14379,321,2023-07-19 14:00:00.000,2023-07-19 17:54:37.000,382,0.390000,612.000000,3.000000,9.250000
301159,14379,321,2023-07-19 17:54:37.000,2023-07-19 18:55:55.000,382,0.390000,138.000000,0.000000,0.000000
301164,14379,321,2023-07-19 18:55:55.000,2023-07-19 19:02:20.000,382,0.390000,0.000000,0.000000,6.401151
301195,14379,321,2023-07-19 19:02:20.000,2023-07-19 21:52:03.000,382,0.390000,388.000000,1.000000,0.000000
301205,14379,321,2023-07-19 22:00:00.000,2023-07-19 22:19:40.000,382,0.390000,23.000000,0.000000,11.333333
301206,14379,321,2023-07-19 22:19:40.000,2023-07-19 22:28:52.000,382,0.390000,0.000000,0.000000,9.195887
301213,14379,321,2023-07-19 22:28:52.000,2023-07-19 23:02:54.000,382,0.390000,71.000000,0.000000,2.400000
301222,14379,321,2023-07-19 23:02:54.000,2023-07-20 00:02:37.000,382,0.390000,136.000000,3.000000,0.000000
301234,14379,321,2023-07-20 00:02:37.000,2023-07-20 01:03:46.000,382,0.390000,135.000000,0.000000,0.000000
301248,14379,321,2023-07-20 01:03:46.000,2023-07-20 02:52:46.000,382,0.390000,241.000000,0.000000,2.700000
301263,14379,321,2023-07-20 02:52:46.000,2023-07-20 04:01:15.000,382,0.390000,158.000000,0.000000,2.633333
301280,14379,321,2023-07-20 04:01:15.000,2023-07-20 05:00:54.000,382,0.390000,138.000000,0.000000,0.000000
301294,14379,321,2023-07-20 05:00:54.000,2023-07-20 05:52:05.000,382,0.390000,122.000000,0.000000,0.000000
301335,14379,321,2023-07-20 06:00:00.000,2023-07-20 09:57:13.000,382,0.390000,545.000000,3.000000,0.000000
301391,14379,321,2023-07-20 09:57:13.000,2023-07-20 13:50:26.000,382,0.390000,536.000000,2.000000,0.000000
301425,14379,321,2023-07-20 14:00:00.000,2023-07-20 17:58:17.000,382,0.390000,530.000000,7.000000,10.116667
301470,14379,321,2023-07-20 17:58:17.000,2023-07-20 21:51:07.000,382,0.390000,520.000000,5.000000,10.383333
301684,14379,321,2023-07-21 14:00:00.000,2023-07-21 17:58:15.000,382,0.390000,531.000000,0.000000,8.033333
301726,14379,321,2023-07-21 17:58:15.000,2023-07-21 21:52:36.000,382,0.390000,533.000000,0.000000,4.366667
301739,14379,321,2023-07-21 22:00:00.000,2023-07-21 23:04:24.000,382,0.390000,131.000000,0.000000,7.066667
301748,14379,321,2023-07-21 23:04:24.000,2023-07-22 00:00:40.000,382,0.390000,121.000000,4.000000,0.000000
301761,14379,321,2023-07-22 00:00:40.000,2023-07-22 00:58:46.000,382,0.390000,127.000000,1.000000,0.000000
301776,14379,321,2023-07-22 00:58:46.000,2023-07-22 01:58:56.000,382,0.390000,143.000000,0.000000,0.000000
301789,14379,321,2023-07-22 01:58:56.000,2023-07-22 03:00:47.000,382,0.390000,143.000000,0.000000,0.000000
301800,14379,321,2023-07-22 03:00:47.000,2023-07-22 04:01:12.000,382,0.390000,137.000000,0.000000,3.733333
301811,14379,321,2023-07-22 04:01:12.000,2023-07-22 05:01:13.000,382,0.390000,139.000000,0.000000,0.000000
301829,14379,321,2023-07-22 05:01:13.000,2023-07-22 05:52:28.000,382,0.390000,118.000000,1.000000,0.000000
301870,14437,321,2023-07-24 06:00:00.000,2023-07-24 10:00:34.000,456,0.380000,458.000000,4.000000,43.733333
301913,14437,321,2023-07-24 10:00:34.000,2023-07-24 13:54:56.000,456,0.380000,548.000000,2.000000,4.050000
301922,14437,321,2023-07-24 14:00:00.000,2023-07-24 14:59:43.000,456,0.380000,137.000000,0.000000,0.000000
301942,14437,321,2023-07-24 14:59:43.000,2023-07-24 17:00:56.000,456,0.380000,276.000000,2.000000,2.516667
301955,14437,321,2023-07-24 17:00:56.000,2023-07-24 18:01:11.000,456,0.380000,130.000000,2.000000,2.483333
301969,14437,321,2023-07-24 18:01:11.000,2023-07-24 19:02:43.000,456,0.380000,139.000000,3.000000,0.000000
301980,14437,321,2023-07-24 19:02:43.000,2023-07-24 20:01:40.000,456,0.380000,141.000000,2.000000,0.000000
301994,14437,321,2023-07-24 20:01:40.000,2023-07-24 21:02:52.000,456,0.380000,137.000000,0.000000,0.000000
302010,14437,321,2023-07-24 21:02:52.000,2023-07-24 21:52:44.000,456,0.380000,117.000000,0.000000,0.000000
302041,14437,321,2023-07-24 22:00:00.000,2023-07-25 01:59:16.000,456,0.380000,531.000000,4.000000,4.100000
302079,14437,321,2023-07-25 01:59:16.000,2023-07-25 05:50:20.000,456,0.380000,544.000000,0.000000,0.000000
302129,14437,321,2023-07-25 06:00:00.000,2023-07-25 09:58:48.000,456,0.380000,544.000000,5.000000,7.166667
302138,14437,321,2023-07-25 09:58:48.000,2023-07-25 11:01:33.000,456,0.380000,145.000000,0.000000,4.000000
302158,14463,321,2023-07-25 11:01:33.000,2023-07-25 13:50:20.000,333,0.400000,262.000000,0.000000,0.000000
302185,14463,321,2023-07-25 14:00:00.000,2023-07-25 16:01:15.000,333,0.400000,239.000000,0.000000,17.116667
302216,14463,321,2023-07-25 16:01:15.000,2023-07-25 19:22:18.000,333,0.400000,455.000000,7.000000,0.000000
302252,14463,321,2023-07-25 19:22:18.000,2023-07-25 21:51:02.000,333,0.400000,340.000000,0.000000,0.000000
302290,14463,321,2023-07-25 22:00:00.000,2023-07-26 01:58:25.000,333,0.400000,503.000000,1.000000,0.000000
302315,14463,321,2023-07-26 01:58:25.000,2023-07-26 04:12:01.000,333,0.400000,305.000000,1.000000,0.000000
302316,14463,321,2023-07-26 04:12:01.000,2023-07-26 04:26:41.000,333,0.400000,0.000000,0.000000,14.663749
302340,14463,321,2023-07-26 04:26:41.000,2023-07-26 05:50:42.000,333,0.400000,189.000000,0.000000,2.633333
302359,14463,321,2023-07-26 06:00:00.000,2023-07-26 07:40:40.000,333,0.400000,194.000000,0.000000,12.450000
302382,14471,321,2023-07-26 07:40:40.000,2023-07-26 09:58:18.000,382,0.390000,195.000000,0.000000,53.250000
302430,14471,321,2023-07-26 09:58:18.000,2023-07-26 13:52:54.000,382,0.390000,515.000000,1.000000,16.116667
302445,14471,321,2023-07-26 14:00:00.000,2023-07-26 15:02:23.000,382,0.390000,132.000000,0.000000,4.150000
302454,14471,321,2023-07-26 15:02:23.000,2023-07-26 16:00:29.000,382,0.390000,137.000000,0.000000,0.000000
302466,14471,321,2023-07-26 16:00:29.000,2023-07-26 16:59:56.000,382,0.390000,137.000000,0.000000,0.000000
302475,14471,321,2023-07-26 16:59:56.000,2023-07-26 17:58:39.000,382,0.390000,137.000000,0.000000,0.000000
302488,14471,321,2023-07-26 17:58:39.000,2023-07-26 19:01:40.000,382,0.390000,151.000000,0.000000,0.000000
302497,14471,321,2023-07-26 19:01:40.000,2023-07-26 20:01:18.000,382,0.390000,137.000000,0.000000,0.000000
302507,14471,321,2023-07-26 20:01:18.000,2023-07-26 21:00:02.000,382,0.390000,141.000000,0.000000,0.000000
302523,14471,321,2023-07-26 21:00:02.000,2023-07-26 21:54:19.000,382,0.390000,119.000000,0.000000,0.000000
302556,14471,321,2023-07-26 22:00:00.000,2023-07-27 01:58:10.000,382,0.390000,560.000000,3.000000,1.683333
302573,14471,321,2023-07-27 01:58:10.000,2023-07-27 03:52:30.000,382,0.390000,273.000000,0.000000,3.000000
302584,14471,321,2023-07-27 03:52:30.000,2023-07-27 04:53:48.000,382,0.390000,0.000000,0.000000,61.295809
302594,14471,321,2023-07-27 04:53:48.000,2023-07-27 05:31:45.000,382,0.390000,79.000000,0.000000,0.000000
302611,14471,321,2023-07-27 05:31:45.000,2023-07-27 05:57:28.000,382,0.390000,0.000000,0.000000,25.709878
302646,14471,321,2023-07-27 06:00:00.000,2023-07-27 09:50:04.000,382,0.390000,520.000000,0.000000,9.366667
302688,14471,321,2023-07-27 09:50:04.000,2023-07-27 13:11:13.000,382,0.390000,472.000000,1.000000,4.000000
302694,14471,321,2023-07-27 13:11:13.000,2023-07-27 13:52:26.000,382,0.390000,95.000000,1.000000,0.000000
302711,14471,321,2023-07-27 14:00:00.000,2023-07-27 15:00:31.000,382,0.390000,137.000000,0.000000,2.200000
302733,14471,321,2023-07-27 15:00:31.000,2023-07-27 17:00:03.000,382,0.390000,277.000000,0.000000,0.000000
302756,14471,321,2023-07-27 17:00:03.000,2023-07-27 18:58:43.000,382,0.390000,280.000000,0.000000,0.000000
302769,14471,321,2023-07-27 18:58:43.000,2023-07-27 19:57:40.000,382,0.390000,133.000000,6.000000,0.000000
302804,14471,321,2023-07-27 19:57:40.000,2023-07-27 21:51:52.000,382,0.390000,268.000000,0.000000,0.000000
302851,14471,321,2023-07-27 22:00:00.000,2023-07-28 02:06:05.000,382,0.390000,564.000000,7.000000,0.000000
302884,14471,321,2023-07-28 02:06:05.000,2023-07-28 05:51:00.000,382,0.390000,517.000000,0.000000,5.216667
302920,14471,321,2023-07-28 06:00:00.000,2023-07-28 09:57:56.000,382,0.390000,533.000000,0.000000,14.000000
302959,14471,321,2023-07-28 09:57:56.000,2023-07-28 13:51:05.000,382,0.390000,531.000000,0.000000,4.316667
302970,14471,321,2023-07-28 14:00:00.000,2023-07-28 14:15:05.000,382,0.390000,0.000000,0.000000,15.066667
302972,14471,321,2023-07-28 14:15:05.000,2023-07-28 14:26:52.000,382,0.390000,0.000000,0.000000,11.774339
303007,14471,321,2023-07-28 14:26:52.000,2023-07-28 17:59:10.000,382,0.390000,479.000000,1.000000,4.833333
303028,14471,321,2023-07-28 17:59:10.000,2023-07-28 19:49:58.000,382,0.390000,228.000000,0.000000,9.700000
303034,14471,321,2023-07-28 19:49:58.000,2023-07-28 20:01:21.000,382,0.390000,0.000000,0.000000,11.382714
303044,14471,321,2023-07-28 20:01:21.000,2023-07-28 21:03:27.000,382,0.390000,132.000000,0.000000,0.000000
303059,14471,321,2023-07-28 21:03:27.000,2023-07-28 21:51:17.000,382,0.390000,111.000000,1.000000,0.000000
303105,14471,321,2023-07-28 22:00:00.000,2023-07-29 02:15:20.000,382,0.390000,590.000000,2.000000,4.883333
303143,14471,321,2023-07-29 02:15:20.000,2023-07-29 05:51:01.000,382,0.390000,480.000000,1.000000,2.133333
303176,14471,321,2023-07-29 06:00:00.000,2023-07-29 09:56:05.000,382,0.390000,545.000000,1.000000,6.550000
303185,14471,321,2023-07-29 09:56:05.000,2023-07-29 11:58:36.000,382,0.390000,200.000000,0.000000,0.000000
303197,14471,321,2023-07-29 11:58:36.000,2023-07-29 13:12:50.000,382,0.390000,153.000000,5.000000,7.116667
303206,14471,321,2023-07-29 13:12:50.000,2023-07-29 13:53:27.000,382,0.390000,80.000000,0.000000,6.200000
303211,14471,321,2023-07-29 14:00:00.000,2023-07-29 15:05:04.000,382,0.390000,143.000000,1.000000,4.416667
303223,14471,321,2023-07-29 15:05:04.000,2023-07-29 17:01:06.000,382,0.390000,260.000000,2.000000,2.733333
303230,14471,321,2023-07-29 17:01:06.000,2023-07-29 19:02:09.000,382,0.390000,288.000000,0.000000,0.000000
303241,14471,321,2023-07-29 19:02:09.000,2023-07-29 21:01:32.000,382,0.390000,280.000000,3.000000,0.000000
303251,14471,321,2023-07-29 21:01:32.000,2023-07-29 21:51:33.000,382,0.390000,118.000000,0.000000,0.000000
303259,14502,321,2023-07-31 06:00:00.000,2023-07-31 06:58:53.000,382,0.390000,111.000000,0.000000,11.583333
303272,14502,321,2023-07-31 06:58:53.000,2023-07-31 07:58:24.000,382,0.390000,135.000000,0.000000,0.000000
303287,14502,321,2023-07-31 07:58:24.000,2023-07-31 09:00:04.000,382,0.390000,142.000000,1.000000,0.000000
303305,14502,321,2023-07-31 09:00:04.000,2023-07-31 09:59:17.000,382,0.390000,139.000000,0.000000,0.000000
303320,14502,321,2023-07-31 09:59:17.000,2023-07-31 11:00:31.000,382,0.390000,138.000000,0.000000,0.000000
303332,14502,321,2023-07-31 11:00:31.000,2023-07-31 12:00:25.000,382,0.390000,142.000000,1.000000,0.000000
303357,14502,321,2023-07-31 12:00:25.000,2023-07-31 13:51:50.000,382,0.390000,260.000000,0.000000,0.000000
303402,14502,321,2023-07-31 14:00:00.000,2023-07-31 17:59:52.000,382,0.390000,550.000000,0.000000,0.000000
303431,14502,321,2023-07-31 17:59:52.000,2023-07-31 20:48:52.000,382,0.390000,397.000000,0.000000,0.000000
303498,14502,321,2023-07-31 22:00:00.000,2023-08-01 01:55:09.000,382,0.390000,541.000000,1.000000,0.000000
303546,14502,321,2023-08-01 01:55:09.000,2023-08-01 05:53:04.000,382,0.390000,539.000000,1.000000,3.033333
303563,14502,321,2023-08-01 06:00:00.000,2023-08-01 07:04:54.000,382,0.390000,128.000000,0.000000,7.300000
303574,14502,321,2023-08-01 07:04:54.000,2023-08-01 08:03:17.000,382,0.390000,140.000000,0.000000,0.000000
303589,14502,321,2023-08-01 08:03:17.000,2023-08-01 09:01:45.000,382,0.390000,124.000000,2.000000,2.033333
303613,14502,321,2023-08-01 09:01:45.000,2023-08-01 11:01:16.000,382,0.390000,278.000000,0.000000,0.000000
303638,14502,321,2023-08-01 11:01:16.000,2023-08-01 13:00:07.000,382,0.390000,278.000000,0.000000,0.000000
303658,14502,321,2023-08-01 13:00:07.000,2023-08-01 13:51:55.000,382,0.390000,118.000000,0.000000,0.000000
303702,14502,321,2023-08-01 14:00:00.000,2023-08-01 17:56:28.000,382,0.390000,542.000000,3.000000,0.000000
303735,14502,321,2023-08-01 17:56:28.000,2023-08-01 20:51:44.000,382,0.390000,373.000000,4.000000,0.000000
303793,14502,321,2023-08-01 22:00:00.000,2023-08-02 01:58:25.000,382,0.390000,529.000000,0.000000,12.316667
303829,14502,321,2023-08-02 01:58:25.000,2023-08-02 05:51:59.000,382,0.390000,418.000000,132.000000,0.000000
303859,14502,321,2023-08-02 06:00:00.000,2023-08-02 08:00:32.000,382,0.390000,268.000000,0.000000,6.083333
303869,14502,321,2023-08-02 08:00:32.000,2023-08-02 08:59:47.000,382,0.390000,136.000000,0.000000,0.000000
303886,14502,321,2023-08-02 08:59:47.000,2023-08-02 10:00:23.000,382,0.390000,145.000000,1.000000,0.000000
303909,14502,321,2023-08-02 10:00:23.000,2023-08-02 11:01:44.000,382,0.390000,142.000000,2.000000,0.000000
303937,14502,321,2023-08-02 11:01:44.000,2023-08-02 13:01:45.000,382,0.390000,281.000000,0.000000,0.000000
303958,14502,321,2023-08-02 13:01:45.000,2023-08-02 13:52:22.000,382,0.390000,115.000000,1.000000,0.000000
304005,14502,321,2023-08-02 14:00:00.000,2023-08-02 17:59:21.000,382,0.390000,552.000000,5.000000,0.000000
304029,14502,321,2023-08-02 17:59:21.000,2023-08-02 20:50:26.000,382,0.390000,395.000000,2.000000,0.000000
304084,14502,321,2023-08-02 22:00:00.000,2023-08-03 01:52:29.000,382,0.390000,523.000000,7.000000,6.750000
304122,14502,321,2023-08-03 01:52:29.000,2023-08-03 05:52:38.000,382,0.390000,542.000000,4.000000,10.016667
304139,14502,321,2023-08-03 06:00:00.000,2023-08-03 07:00:59.000,382,0.390000,114.000000,0.000000,12.516667
304157,14502,321,2023-08-03 07:00:59.000,2023-08-03 08:01:31.000,382,0.390000,133.000000,5.000000,0.000000
304169,14502,321,2023-08-03 08:01:31.000,2023-08-03 09:02:26.000,382,0.390000,127.000000,3.000000,4.133333
304177,14502,321,2023-08-03 09:02:26.000,2023-08-03 09:59:42.000,382,0.390000,114.000000,11.000000,2.200000
304188,14502,321,2023-08-03 09:59:42.000,2023-08-03 10:57:39.000,382,0.390000,114.000000,12.000000,0.000000
304206,14502,321,2023-08-03 10:57:39.000,2023-08-03 12:00:54.000,382,0.390000,115.000000,6.000000,4.100000
304222,14502,321,2023-08-03 12:00:54.000,2023-08-03 13:01:10.000,382,0.390000,114.000000,4.000000,9.866667
304239,14502,321,2023-08-03 13:01:10.000,2023-08-03 13:52:09.000,382,0.390000,110.000000,6.000000,0.000000
304250,14502,321,2023-08-03 14:00:00.000,2023-08-03 14:25:34.000,382,0.390000,56.000000,0.000000,0.000000
304251,14502,321,2023-08-03 14:25:34.000,2023-08-03 14:36:37.000,382,0.390000,0.000000,0.000000,11.045771
304282,14502,321,2023-08-03 14:36:37.000,2023-08-03 17:59:20.000,382,0.390000,464.000000,12.000000,0.000000
304313,14502,321,2023-08-03 17:59:20.000,2023-08-03 20:49:35.000,382,0.390000,395.000000,5.000000,0.000000
304378,14502,321,2023-08-03 22:00:00.000,2023-08-04 02:00:24.000,382,0.390000,531.000000,18.000000,7.500000
304412,14502,321,2023-08-04 02:00:24.000,2023-08-04 05:52:06.000,382,0.390000,529.000000,2.000000,4.250000
304432,14502,321,2023-08-04 06:00:00.000,2023-08-04 07:03:28.000,382,0.390000,113.000000,0.000000,15.666667
304447,14502,321,2023-08-04 07:03:28.000,2023-08-04 08:00:43.000,382,0.390000,130.000000,3.000000,0.000000
304459,14502,321,2023-08-04 08:00:43.000,2023-08-04 09:00:06.000,382,0.390000,137.000000,0.000000,0.000000
304486,14502,321,2023-08-04 09:00:06.000,2023-08-04 11:02:25.000,382,0.390000,289.000000,0.000000,0.000000
304496,14502,321,2023-08-04 11:02:25.000,2023-08-04 12:01:18.000,382,0.390000,133.000000,8.000000,0.000000
304511,14502,321,2023-08-04 12:01:18.000,2023-08-04 13:00:04.000,382,0.390000,133.000000,2.000000,2.100000
304525,14502,321,2023-08-04 13:00:04.000,2023-08-04 13:51:57.000,382,0.390000,127.000000,0.000000,0.000000
304573,14502,321,2023-08-04 14:00:00.000,2023-08-04 18:04:56.000,382,0.390000,520.000000,2.000000,0.000000
304593,14502,321,2023-08-04 18:04:56.000,2023-08-04 20:49:26.000,382,0.390000,393.000000,0.000000,0.000000
304616,14502,321,2023-08-04 22:00:00.000,2023-08-04 23:02:58.000,382,0.390000,125.000000,0.000000,5.566667
304619,14502,321,2023-08-04 23:02:58.000,2023-08-04 23:09:51.000,382,0.390000,0.000000,0.000000,6.868469
304641,14502,321,2023-08-04 23:09:51.000,2023-08-05 01:58:54.000,382,0.390000,398.000000,0.000000,0.000000
304670,14502,321,2023-08-05 01:58:54.000,2023-08-05 05:30:25.000,382,0.390000,479.000000,8.000000,0.000000
304723,14561,321,2023-08-22 06:00:00.000,2023-08-22 07:45:36.000,382,0.390000,167.000000,0.000000,29.983333
304735,14561,321,2023-08-22 07:45:36.000,2023-08-22 08:38:39.000,382,0.390000,0.000000,0.000000,53.033436
304748,14561,321,2023-08-22 08:38:39.000,2023-08-22 09:58:37.000,382,0.390000,165.000000,0.000000,12.783333
304761,14561,321,2023-08-22 09:58:37.000,2023-08-22 10:59:04.000,382,0.390000,146.000000,0.000000,0.000000
304772,14561,321,2023-08-22 10:59:04.000,2023-08-22 11:58:29.000,382,0.390000,128.000000,5.000000,2.816667
304788,14561,321,2023-08-22 11:58:29.000,2023-08-22 13:06:28.000,382,0.390000,151.000000,3.000000,2.966667
304797,14561,321,2023-08-22 13:06:28.000,2023-08-22 13:52:16.000,382,0.390000,104.000000,0.000000,0.000000
304834,14561,321,2023-08-22 14:00:00.000,2023-08-22 17:58:40.000,382,0.390000,554.000000,2.000000,4.583333
304849,14561,321,2023-08-22 17:58:40.000,2023-08-22 19:23:03.000,382,0.390000,175.000000,1.000000,5.783333
304852,14561,321,2023-08-22 19:23:03.000,2023-08-22 19:29:38.000,382,0.390000,0.000000,0.000000,6.582012
304866,14561,321,2023-08-22 19:29:38.000,2023-08-22 21:04:32.000,382,0.390000,205.000000,1.000000,9.333333
304870,14561,321,2023-08-22 21:04:32.000,2023-08-22 21:40:05.000,382,0.390000,0.000000,0.000000,35.540123
304879,14561,321,2023-08-22 21:40:05.000,2023-08-22 21:51:32.000,382,0.390000,25.000000,0.000000,0.000000
304906,14561,321,2023-08-22 22:00:00.000,2023-08-23 00:04:30.000,382,0.390000,133.000000,0.000000,9.983333
304912,14561,321,2023-08-23 00:04:30.000,2023-08-23 00:49:33.000,382,0.390000,0.000000,0.000000,45.041924
304925,14561,321,2023-08-23 00:49:33.000,2023-08-23 01:59:28.000,382,0.390000,155.000000,0.000000,2.050000
304956,14561,321,2023-08-23 01:59:28.000,2023-08-23 05:52:53.000,382,0.390000,530.000000,0.000000,7.800000
304973,14561,321,2023-08-23 06:00:00.000,2023-08-23 07:02:52.000,382,0.390000,127.000000,0.000000,7.516667
304983,14561,321,2023-08-23 07:02:52.000,2023-08-23 07:58:32.000,382,0.390000,134.000000,0.000000,0.000000
304998,14561,321,2023-08-23 07:58:32.000,2023-08-23 08:59:59.000,382,0.390000,121.000000,5.000000,0.000000
305012,14561,321,2023-08-23 08:59:59.000,2023-08-23 10:02:45.000,382,0.390000,145.000000,1.000000,0.000000
305021,14561,321,2023-08-23 10:02:45.000,2023-08-23 11:01:36.000,382,0.390000,132.000000,2.000000,0.000000
305034,14561,321,2023-08-23 11:01:36.000,2023-08-23 11:59:48.000,382,0.390000,131.000000,2.000000,2.400000
305048,14561,321,2023-08-23 11:59:48.000,2023-08-23 13:02:18.000,382,0.390000,145.000000,0.000000,0.000000
305064,14561,321,2023-08-23 13:02:18.000,2023-08-23 13:53:26.000,382,0.390000,122.000000,0.000000,0.000000
305108,14561,321,2023-08-23 14:00:00.000,2023-08-23 17:58:56.000,382,0.390000,558.000000,3.000000,1.800000
305146,14561,321,2023-08-23 17:58:56.000,2023-08-23 21:51:04.000,382,0.390000,541.000000,5.000000,0.000000
305184,14561,321,2023-08-23 22:00:00.000,2023-08-24 01:54:14.000,382,0.390000,543.000000,5.000000,3.683333
305226,14561,321,2023-08-24 01:54:14.000,2023-08-24 05:52:13.000,382,0.390000,566.000000,0.000000,0.000000
305246,14561,321,2023-08-24 06:00:00.000,2023-08-24 07:02:33.000,382,0.390000,112.000000,0.000000,14.700000
305258,14561,321,2023-08-24 07:02:33.000,2023-08-24 08:01:25.000,382,0.390000,139.000000,0.000000,0.000000
305273,14561,321,2023-08-24 08:01:25.000,2023-08-24 09:00:45.000,382,0.390000,126.000000,2.000000,2.283333
305302,14561,321,2023-08-24 09:00:45.000,2023-08-24 11:00:46.000,382,0.390000,274.000000,0.000000,4.083333
305320,14561,321,2023-08-24 11:00:46.000,2023-08-24 12:02:36.000,382,0.390000,146.000000,1.000000,0.000000
305330,14561,321,2023-08-24 12:02:36.000,2023-08-24 13:01:41.000,382,0.390000,137.000000,0.000000,0.000000
305344,14561,321,2023-08-24 13:01:41.000,2023-08-24 13:51:12.000,382,0.390000,112.000000,2.000000,0.000000
305391,14561,321,2023-08-24 14:00:00.000,2023-08-24 18:04:14.000,382,0.390000,568.000000,2.000000,0.000000
305440,14561,321,2023-08-24 18:04:14.000,2023-08-24 21:51:46.000,382,0.390000,538.000000,0.000000,0.000000
305475,14561,321,2023-08-24 22:00:00.000,2023-08-25 01:57:26.000,382,0.390000,553.000000,2.000000,3.400000
305511,14561,321,2023-08-25 01:57:26.000,2023-08-25 05:51:24.000,382,0.390000,555.000000,2.000000,0.000000
305528,14561,321,2023-08-25 06:00:00.000,2023-08-25 07:00:12.000,382,0.390000,112.000000,0.000000,0.000000
305541,14561,321,2023-08-25 07:00:12.000,2023-08-25 08:01:05.000,382,0.390000,137.000000,1.000000,2.033333
305557,14561,321,2023-08-25 08:01:05.000,2023-08-25 09:59:00.000,382,0.390000,278.000000,0.000000,0.000000
305569,14561,321,2023-08-25 09:59:00.000,2023-08-25 11:00:20.000,382,0.390000,142.000000,0.000000,0.000000
305582,14561,321,2023-08-25 11:00:20.000,2023-08-25 12:00:55.000,382,0.390000,141.000000,0.000000,0.000000
305596,14561,321,2023-08-25 12:00:55.000,2023-08-25 13:00:00.000,382,0.390000,137.000000,0.000000,0.000000
305610,14561,321,2023-08-25 13:00:00.000,2023-08-25 13:51:03.000,382,0.390000,124.000000,0.000000,0.000000
305623,14561,321,2023-08-25 14:00:00.000,2023-08-25 14:44:39.000,382,0.390000,92.000000,0.000000,3.483333
305639,14561,321,2023-08-25 14:44:39.000,2023-08-25 15:53:08.000,382,0.390000,0.000000,0.000000,68.475818
305661,14561,321,2023-08-25 15:53:08.000,2023-08-25 18:02:16.000,382,0.390000,310.000000,0.000000,0.000000
305722,14561,321,2023-08-25 18:02:16.000,2023-08-25 21:51:37.000,382,0.390000,534.000000,1.000000,0.000000
305724,14561,321,2023-08-25 22:00:00.000,2023-08-25 22:09:39.000,382,0.390000,0.000000,0.000000,0.000000
305727,14561,321,2023-08-25 22:09:39.000,2023-08-25 23:03:13.000,382,0.390000,0.000000,0.000000,53.551277
305729,14561,321,2023-08-25 23:03:13.000,2023-08-25 23:21:20.000,382,0.390000,36.000000,0.000000,0.000000
305730,14561,321,2023-08-25 23:21:20.000,2023-08-25 23:31:20.000,382,0.390000,0.000000,0.000000,9.995365
305745,14561,321,2023-08-25 23:31:20.000,2023-08-26 01:47:22.000,382,0.390000,309.000000,0.000000,2.766667
305746,14561,321,2023-08-26 01:47:22.000,2023-08-26 01:55:30.000,382,0.390000,0.000000,0.000000,8.133277
305755,14561,321,2023-08-26 01:55:30.000,2023-08-26 02:02:46.000,382,0.390000,11.000000,0.000000,0.000000
305758,14561,321,2023-08-26 02:02:46.000,2023-08-26 02:24:26.000,382,0.390000,0.000000,0.000000,21.651848
305759,14561,321,2023-08-26 02:24:26.000,2023-08-26 02:25:30.000,382,0.390000,1.000000,6.000000,0.000000
305790,14561,321,2023-08-26 02:25:30.000,2023-08-26 06:00:00.000,382,0.390000,0.000000,0.000000,214.500000
305793,14561,321,2023-08-26 06:00:00.000,2023-08-26 06:42:39.000,382,0.390000,28.000000,0.000000,0.000000
305800,14561,321,2023-08-26 06:42:39.000,2023-08-26 07:27:36.000,382,0.390000,0.000000,0.000000,44.943469
305807,14561,321,2023-08-26 07:27:36.000,2023-08-26 08:37:44.000,382,0.390000,165.000000,0.000000,0.000000
305809,14561,321,2023-08-26 08:37:44.000,2023-08-26 08:55:59.000,382,0.390000,0.000000,0.000000,18.236129
305815,14561,321,2023-08-26 08:55:59.000,2023-08-26 09:56:10.000,382,0.390000,130.000000,0.000000,6.750000
305835,14561,321,2023-08-26 09:56:10.000,2023-08-26 12:20:30.000,382,0.390000,341.000000,0.000000,0.000000
305836,14561,321,2023-08-26 12:20:30.000,2023-08-26 12:30:13.000,382,0.390000,0.000000,0.000000,9.702423
305839,14561,321,2023-08-26 12:30:13.000,2023-08-26 12:59:18.000,382,0.390000,63.000000,0.000000,5.383333
305850,14561,321,2023-08-26 12:59:18.000,2023-08-26 13:52:08.000,382,0.390000,124.000000,0.000000,0.000000
305862,14561,321,2023-08-26 14:00:00.000,2023-08-26 17:59:40.000,382,0.390000,485.000000,1.000000,13.750000
305869,14561,321,2023-08-26 17:59:40.000,2023-08-26 21:51:30.000,382,0.390000,534.000000,0.000000,6.816667
305883,14561,321,2023-08-26 22:00:00.000,2023-08-27 01:56:58.000,382,0.390000,549.000000,0.000000,4.750000
305897,14561,321,2023-08-27 01:56:58.000,2023-08-27 05:39:22.000,382,0.390000,535.000000,0.000000,0.000000
305938,14599,321,2023-08-28 06:00:00.000,2023-08-28 10:00:42.000,456,0.380000,497.000000,0.000000,29.750000
305976,14599,321,2023-08-28 10:00:42.000,2023-08-28 13:54:03.000,456,0.380000,547.000000,1.000000,3.033333
306005,14599,321,2023-08-28 14:00:00.000,2023-08-28 17:39:16.000,456,0.380000,486.000000,2.000000,5.866667
306068,14599,321,2023-08-28 22:00:00.000,2023-08-28 23:58:46.000,456,0.380000,250.000000,0.000000,11.500000
306079,14599,321,2023-08-28 23:58:46.000,2023-08-29 00:58:22.000,456,0.380000,138.000000,0.000000,0.000000
306109,14599,321,2023-08-29 00:58:22.000,2023-08-29 02:58:37.000,456,0.380000,280.000000,0.000000,0.000000
306143,14599,321,2023-08-29 02:58:37.000,2023-08-29 05:51:34.000,456,0.380000,392.000000,0.000000,6.100000
306170,14599,321,2023-08-29 06:00:00.000,2023-08-29 07:43:52.000,456,0.380000,211.000000,0.000000,2.033333
306181,14599,321,2023-08-29 07:43:52.000,2023-08-29 08:38:05.000,456,0.380000,0.000000,0.000000,54.206153
306207,14599,321,2023-08-29 08:38:05.000,2023-08-29 10:22:32.000,456,0.380000,245.000000,1.000000,0.000000
306255,14599,321,2023-08-29 10:22:32.000,2023-08-29 13:52:03.000,456,0.380000,484.000000,0.000000,0.000000
306296,14599,321,2023-08-29 14:00:00.000,2023-08-29 17:58:57.000,456,0.380000,118.000000,0.000000,1.633333
306303,14599,321,2023-08-29 17:58:57.000,2023-08-29 18:16:59.000,456,0.380000,42.000000,0.000000,0.000000
306337,14599,321,2023-08-29 22:00:00.000,2023-08-29 22:59:22.000,456,0.380000,131.000000,0.000000,3.250000
306374,14599,321,2023-08-29 22:59:22.000,2023-08-30 02:59:40.000,456,0.380000,562.000000,0.000000,3.850000
306383,14599,321,2023-08-30 02:59:40.000,2023-08-30 03:59:24.000,456,0.380000,141.000000,0.000000,0.000000
306413,14599,321,2023-08-30 03:59:24.000,2023-08-30 05:51:55.000,456,0.380000,260.000000,0.000000,0.000000
306437,14599,321,2023-08-30 06:00:00.000,2023-08-30 08:26:48.000,456,0.380000,335.000000,0.000000,0.000000
306459,14599,321,2023-08-30 08:26:48.000,2023-08-30 10:17:26.000,456,0.380000,0.000000,0.000000,110.631762
306506,14599,321,2023-08-30 10:17:26.000,2023-08-30 13:51:46.000,456,0.380000,477.000000,11.000000,5.016667
306535,14599,321,2023-08-30 14:00:00.000,2023-08-30 17:55:02.000,456,0.380000,523.000000,5.000000,13.366667
306564,14599,321,2023-08-30 17:55:02.000,2023-08-30 21:30:28.000,456,0.380000,493.000000,0.000000,8.716667
306609,14599,321,2023-08-30 22:00:00.000,2023-08-31 01:58:44.000,456,0.380000,519.000000,3.000000,0.000000
306638,14599,321,2023-08-31 01:58:44.000,2023-08-31 04:06:29.000,456,0.380000,300.000000,0.000000,0.000000
306644,14599,321,2023-08-31 04:06:29.000,2023-08-31 05:00:33.000,456,0.380000,130.000000,0.000000,0.000000
306663,14599,321,2023-08-31 05:00:33.000,2023-08-31 05:52:48.000,456,0.380000,122.000000,0.000000,0.000000
306705,14599,321,2023-08-31 06:00:00.000,2023-08-31 10:03:13.000,456,0.380000,542.000000,4.000000,6.800000
306754,14599,321,2023-08-31 10:03:13.000,2023-08-31 13:51:29.000,456,0.380000,520.000000,4.000000,6.083333
306765,14599,321,2023-08-31 14:00:00.000,2023-08-31 14:33:26.000,456,0.380000,57.000000,0.000000,0.000000
306772,14599,321,2023-08-31 14:33:26.000,2023-08-31 15:18:37.000,456,0.380000,0.000000,0.000000,45.170782
306774,14599,321,2023-08-31 15:18:37.000,2023-08-31 15:56:37.000,456,0.380000,83.000000,1.000000,3.633333
306850,14599,321,2023-08-31 22:00:00.000,2023-08-31 22:29:30.000,456,0.380000,49.000000,0.000000,10.350000
306860,14599,321,2023-08-31 22:29:30.000,2023-08-31 23:33:03.000,456,0.380000,52.000000,0.000000,0.000000
306961,14599,321,2023-09-01 06:00:00.000,2023-09-01 08:20:25.000,456,0.380000,270.000000,2.000000,6.000000
306967,14599,321,2023-09-01 08:20:25.000,2023-09-01 09:03:28.000,456,0.380000,0.000000,0.000000,43.046119
306979,14599,321,2023-09-01 09:03:28.000,2023-09-01 10:02:09.000,456,0.380000,166.000000,2.000000,0.000000
307033,14599,321,2023-09-01 10:02:09.000,2023-09-01 13:52:46.000,456,0.380000,525.000000,0.000000,1.000000
307073,14599,321,2023-09-01 14:00:00.000,2023-09-01 18:27:37.000,456,0.380000,591.000000,5.000000,18.700000
307109,14599,321,2023-09-01 18:27:37.000,2023-09-01 21:51:14.000,456,0.380000,480.000000,3.000000,4.533333
307151,14599,321,2023-09-01 22:00:00.000,2023-09-02 01:04:33.000,456,0.380000,432.000000,1.000000,8.383333
307168,14599,321,2023-09-02 01:04:33.000,2023-09-02 02:58:07.000,456,0.380000,179.000000,0.000000,0.000000
307183,14599,321,2023-09-02 02:58:07.000,2023-09-02 04:02:01.000,456,0.380000,152.000000,0.000000,2.150000
307197,14599,321,2023-09-02 04:02:01.000,2023-09-02 05:05:04.000,456,0.380000,154.000000,0.000000,0.000000
307213,14599,321,2023-09-02 05:05:04.000,2023-09-02 05:52:59.000,456,0.380000,111.000000,0.000000,0.000000
307247,14599,321,2023-09-02 06:00:00.000,2023-09-02 10:03:18.000,456,0.380000,475.000000,3.000000,11.800000
307250,14599,321,2023-09-02 10:03:18.000,2023-09-02 10:42:04.000,456,0.380000,96.000000,0.000000,0.000000
307280,14599,321,2023-09-02 10:42:04.000,2023-09-02 13:50:37.000,456,0.380000,222.000000,0.000000,2.816667
307306,14599,321,2023-09-02 14:00:00.000,2023-09-02 18:00:18.000,456,0.380000,485.000000,0.000000,6.233333
307322,14599,321,2023-09-02 18:00:18.000,2023-09-02 21:45:07.000,456,0.380000,527.000000,0.000000,11.183333
307330,14649,321,2023-09-04 06:00:00.000,2023-09-04 06:35:13.000,382,0.390000,0.000000,0.000000,35.150000
307332,14649,321,2023-09-04 06:35:13.000,2023-09-04 06:44:58.000,382,0.390000,0.000000,0.000000,9.734497
307342,14649,321,2023-09-04 06:44:58.000,2023-09-04 07:37:34.000,382,0.390000,113.000000,0.000000,4.533333
307356,14649,321,2023-09-04 07:37:34.000,2023-09-04 08:58:03.000,382,0.390000,0.000000,0.000000,80.469884
307370,14649,321,2023-09-04 08:58:03.000,2023-09-04 09:59:11.000,382,0.390000,136.000000,0.000000,3.250000
307411,14649,321,2023-09-04 09:59:11.000,2023-09-04 13:50:58.000,382,0.390000,569.000000,3.000000,0.000000
307478,14649,321,2023-09-04 14:00:00.000,2023-09-04 18:25:29.000,382,0.390000,252.000000,3.000000,0.000000
307501,14649,321,2023-09-04 18:25:29.000,2023-09-04 20:16:14.000,382,0.390000,255.000000,0.000000,0.000000
307576,14649,321,2023-09-04 22:00:00.000,2023-09-05 01:58:14.000,382,0.390000,603.000000,0.000000,2.800000
307622,14649,321,2023-09-05 01:58:14.000,2023-09-05 05:50:21.000,382,0.390000,550.000000,2.000000,0.000000
307668,14649,321,2023-09-05 06:00:00.000,2023-09-05 09:59:52.000,382,0.390000,232.000000,1.000000,145.266667
